site,genotype,lon,lat,ann.mean.tmp,mean.diurn.rng,isotherm,tmp.seas,max.tmp.wrm.m,min.tmp.cld.m,tmp.ann.rng,mean.tmp.wet.q,mean.tmp.dry.q,mean.tmp.wrm.q,mean.tmp.cld.q,ann.prc,prc.wet.m,prc.dry.m,prc.seas,prc.wet.q,prc.dry.q,prc.wrm.q,prc.cld.q
AAFC04,1,-120.65,50.08,5.449999809265137,10.300000190734863,0.3030303120613098,759.5999755859375,24.149999618530273,-9.949999809265137,34.099998474121094,-3.3499999046325684,0.75,15.25,-3.950000047683716,339,40.900001525878906,16.799999237060547,27.299999237060547,105.80000305175781,58.599998474121094,91.5999984741211,92.69999694824219
AAFC05,2,-120.45,50.09,5.349999904632568,10.300000190734863,0.30334314703941345,760.29998779296875,23.950000762939453,-9.949999809265137,33.900001525878906,12.850000381469727,0.550000011920929,15.25,-4.050000190734863,375.3999938964844,50.900001525878906,19.899999618530273,27.799999237060547,125.0999984741211,63.20000076293945,113.69999694824219,93.80000305175781
AAFC06,3,-120.75,50.09,7.949999809265137,10.300000190734863,0.29525861144065857,783.29998779296875,26.850000381469727,-7.949999809265137,34.79999923706055,1.9500000476837158,3.3499999046325684,18.049999237060547,-1.75,303.70001220703125,35.900001525878906,14.899999618530273,27.399999618530273,97.4000015258789,53.5,78.80000305175781,84.5
AAFC07,4,-120.6,49.9,6.150000095367432,10.100000381469727,0.3028942048549652,739.0999755859375,24.549999237060547,-8.850000381469727,33.400001525878906,-2.3499999046325684,15.649999618530273,15.649999618530273,-2.950000047683716,435.5,53.400001525878906,22.299999237060547,29.600000381469727,152.60000610351562,80.5999984741211,102.19999694824219,136.5
AAFC08,5,-120.55,49.57,7.949999809265137,10.199999809265137,0.3153292238712311,699.29998779296875,26.149999618530273,-6.25,32.400001525878906,0.05000000074505806,17.25,17.25,-0.3499999940395355,601,94.0999984741211,30.399999618530273,37,234.3000030517578,97.69999694824219,97.69999694824219,215.89999389648438
AAFC09,6,-119.8,49.62,8.050000190734863,9.300000190734863,0.2825757563114166,781,26.350000381469727,-6.650000095367432,33,-0.75,2.950000047683716,18.350000381469727,-1.4500000476837158,424.20001220703125,50.70000076293945,24.5,23.799999237060547,134.5,84.69999694824219,85.0999984741211,126.5999984741211
AAFC10,7,-120.05,49.71,6.949999809265137,9.800000190734863,0.2954317331314087,747.79998779296875,25.649999618530273,-7.550000190734863,33.20000076293945,-1.5499999523162842,2.1500000953674316,16.75,-1.9500000476837158,476.29998779296875,58.900001525878906,26.100000381469727,25.899999618530273,145.5,86.80000305175781,137.60000610351562,135.89999389648438
Adler05,9,-111.87,40.79,11.050000190734863,11.899999618530273,0.3090277910232544,945.5999755859375,32.54999923706055,-5.849999904632568,38.400001525878906,9.949999809265137,23.149999618530273,23.350000381469727,-0.8500000238418579,571.4000244140625,71.4000015258789,19.399999618530273,31.5,196.60000610351562,81,89.0999984741211,145
Adler09,11,-112.27,43.31,10.550000190734863,12.300000190734863,0.3140373229980469,969.4000244140625,32.75,-6.550000190734863,39.29999923706055,14.850000381469727,22.75,23.049999237060547,-1.850000023841858,323.20001220703125,46.400001525878906,15.600000381469727,30.200000762939453,110.19999694824219,52.20000076293945,62.900001525878906,75.5
Adler13,14,-111.08,41.44,7.349999904632568,12.699999809265137,0.31566914916038513,983.0999755859375,29.75,-10.350000381469727,40.099998474121094,11.25,-4.949999809265137,20.049999237060547,-4.949999809265137,273.70001220703125,36.900001525878906,15.300000190734863,26.899999618530273,92.5999984741211,48.5,69,48.5
Adler14,15,-111.25,41.81,5.650000095367432,11.399999618530273,0.2979600727558136,971,27.149999618530273,-11.25,38.400001525878906,9.149999618530273,18.149999618530273,18.25,-6.349999904632568,445.29998779296875,56.29999923706055,26.100000381469727,20.700000762939453,138.8000030517578,94.4000015258789,95.19999694824219,100.19999694824219
Adler16,16,-110.2,41.78,7.949999809265137,12.699999809265137,0.31122031807899475,990,30.149999618530273,-10.550000190734863,40.70000076293945,12.350000381469727,-4.849999904632568,20.649999618530273,-4.849999904632568,223,32.29999923706055,10,32.5,78.5,34.099998474121094,61.400001525878906,34.099998474121094
Adler17,17,-110.11,41.44,7.449999809265137,13.800000190734863,0.3309352397918701,999.70001220703125,30.049999237060547,-11.649999618530273,41.70000076293945,11.949999809265137,-5.449999809265137,20.25,-5.449999809265137,224.89999389648438,31.399999618530273,10.300000190734863,29,77.0999984741211,37.79999923706055,59.599998474121094,37.79999923706055
Adler18,18,-114.22,40.86,13.050000190734863,12.399999618530273,0.310776948928833,994.9000244140625,34.54999923706055,-5.349999904632568,39.900001525878906,12.25,25.950000762939453,25.950000762939453,0.3499999940395355,175.3000030517578,22.200000762939453,9.899999618530273,24,57.400001525878906,36.70000076293945,36.70000076293945,37.70000076293945
BA,NA,-116.986919,43.286047,11.050000190734863,11.199999809265137,0.2983155846595764,912,32.54999923706055,-5.050000190734863,37.599998474121094,9.850000381469727,22.950000762939453,22.950000762939453,-0.25,366.70001220703125,46.599998474121094,10.600000381469727,40.400001525878906,123.9000015258789,35.599998474121094,35.599998474121094,116.30000305175781
Barnett01,19,-110.74,43.48,5.050000190734863,11.600000381469727,0.33647340536117554,791,24.149999618530273,-10.350000381469727,34.5,-4.050000190734863,15.149999618530273,15.149999618530273,-4.849999904632568,836.20001220703125,100.69999694824219,45.599998474121094,25.700000762939453,274,142.60000610351562,160.60000610351562,248.10000610351562
Baughman2,21,-118.87,43.05,11.149999618530273,11.800000190734863,0.3246096968650818,871.20001220703125,32.25,-4.050000190734863,36.29999923706055,9.550000190734863,22.649999618530273,22.649999618530273,0.550000011920929,281.1000061035156,40.099998474121094,9.100000381469727,39.400001525878906,98.4000015258789,29.399999618530273,29.399999618530273,77.4000015258789
Baughman3,20,-118.96,42.81,10.25,11.899999618530273,0.3226901888847351,881.79998779296875,31.549999237060547,-5.25,36.79999923706055,8.649999618530273,21.950000762939453,21.950000762939453,-0.44999998807907104,352.20001220703125,49.29999923706055,10.600000381469727,40.099998474121094,127.9000015258789,37,37,95.30000305175781
Baughman5,22,-120.08,42.72,9.25,11.800000190734863,0.3248392939567566,865.0999755859375,30.049999237060547,-6.25,36.29999923706055,7.550000190734863,20.75,20.75,-1.149999976158142,319.1000061035156,40.400001525878906,13.899999618530273,31.700000762939453,108.4000015258789,44.29999923706055,44.29999923706055,83.5
Blumenthal01,8,-104.9,41.18,9.149999618530273,12.600000381469727,0.358120858669281,828.5999755859375,29.450000762939453,-5.849999904632568,35.29999923706055,17.649999618530273,-0.949999988079071,20.149999618530273,-0.949999988079071,411.6000061035156,67.5999984741211,8.399999618530273,62.599998474121094,189.3000030517578,30,172.5,30
Blumenthal08,24,-104.56,40.64,11.25,14.5,0.3747841417789459,901.5,32.849998474121094,-5.75,38.599998474121094,20.549999237060547,-0.15000000596046448,22.950000762939453,-0.15000000596046448,367.5,64.9000015258789,7.400000095367432,64.4000015258789,170.8000030517578,23.899999618530273,155.3000030517578,23.899999618530273
Blumenthal10,105,-102.52,40.92,11.850000381469727,13.600000381469727,0.35297927260398865,951.70001220703125,33.54999923706055,-5.050000190734863,38.599998474121094,21.850000381469727,-0.3499999940395355,24.149999618530273,-0.3499999940395355,440.20001220703125,76.9000015258789,8.5,65.9000015258789,207.5,28,199.1999969482422,28
Board1,27,-117.57,38.84,9.050000190734863,11.600000381469727,0.31762295961380005,930.9000244140625,29.350000381469727,-7.25,36.599998474121094,7.25,21.149999618530273,21.149999618530273,-2.3499999046325684,211.8000030517578,26.600000381469727,11.600000381469727,21.5,68.5999984741211,43.5,48.400001525878906,48.099998474121094
Bradford01,28,-111.62,35.23,10.449999809265137,12.600000381469727,0.3845565915107727,770.0999755859375,28.049999237060547,-4.650000095367432,32.70000076293945,19.75,14.149999618530273,20.350000381469727,0.6499999761581421,586.0999755859375,84.69999694824219,11.399999618530273,45.900001525878906,238.5,61.400001525878906,179.10000610351562,153.39999389648438
CH,NA,-104.9,41.18,9.149999618530273,12.600000381469727,0.358120858669281,828.5999755859375,29.450000762939453,-5.849999904632568,35.29999923706055,17.649999618530273,-0.949999988079071,20.149999618530273,-0.949999988079071,411.6000061035156,67.5999984741211,8.399999618530273,62.599998474121094,189.3000030517578,30,172.5,30
Chambers01,29,-119.58,39.55,13.050000190734863,12.399999618530273,0.3337838053703308,892.5,33.75,-3.25,37,2.049999952316284,24.649999618530273,24.649999618530273,2.049999952316284,211.1999969482422,29.899999618530273,5.800000190734863,46.20000076293945,82,21.899999618530273,21.899999618530273,82
Chambers02,30,-118.76,39.95,14.649999618530273,12.800000190734863,0.33052676916122437,933.20001220703125,35.349998474121094,-3.25,38.599998474121094,13.949999809265137,26.450000762939453,26.649999618530273,2.950000047683716,149,18.899999618530273,3,35.400001525878906,48.099998474121094,17.100000381469727,21.600000381469727,43.79999923706055
Chambers04,32,-117.63,41.31,12.350000381469727,12.399999618530273,0.31056809425354004,982.5999755859375,34.349998474121094,-5.550000190734863,39.900001525878906,1.149999976158142,24.950000762939453,25.049999237060547,-0.05000000074505806,222.89999389648438,32.20000076293945,4.099999904632568,44.599998474121094,82.19999694824219,20,22.899999618530273,78.19999694824219
Chambers05,33,-117.75,41.54,10.949999809265137,12.300000190734863,0.3086264729499817,979.5999755859375,33.04999923706055,-6.75,39.79999923706055,-0.15000000596046448,23.450000762939453,23.549999237060547,-1.4500000476837158,291.5,41,5.800000190734863,43.20000076293945,101.80000305175781,25.5,32.20000076293945,96
Chambers06,34,-117.78,41.54,12.050000190734863,12.300000190734863,0.30967336893081665,976.70001220703125,34.150001525878906,-5.650000095367432,39.79999923706055,0.949999988079071,24.549999237060547,24.649999618530273,-0.25,269.3999938964844,37.599998474121094,5.400000095367432,43,94,23.700000762939453,29.899999618530273,88.5999984741211
Chambers07,35,-116.19,43.94,11.850000381469727,13,0.33570200204849243,898.70001220703125,33.349998474121094,-5.349999904632568,38.70000076293945,1.4500000476837158,23.450000762939453,23.450000762939453,0.6499999761581421,530.20001220703125,81.5,9.600000381469727,52.29999923706055,218.10000610351562,37.099998474121094,37.099998474121094,204.5
Chambers08,36,-114.57,42.24,10.649999618530273,12,0.3056972622871399,956.9000244140625,33.04999923706055,-6.150000095367432,39.20000076293945,14.149999618530273,23.149999618530273,23.149999618530273,-1.25,298.1000061035156,41.5,11.699999809265137,35.900001525878906,107.0999984741211,40.5,53.599998474121094,72.9000015258789
Chambers09,37,-116.73,40.66,12.550000190734863,13.100000381469727,0.31772100925445557,1019.2999877929688,34.849998474121094,-6.25,41.099998474121094,11.550000190734863,25.549999237060547,25.649999618530273,-0.44999998807907104,265.20001220703125,36.099998474121094,6,41.5,93,26.700000762939453,29.700000762939453,81.69999694824219
Chynoweth01,26,-109.5635,39.76604,10.949999809265137,12.899999618530273,0.3193415701389313,1006.2999877929688,32.650001525878906,-7.849999904632568,40.5,23.25,-2.1500000953674316,23.649999618530273,-2.1500000953674316,302.79998779296875,40,12.899999618530273,33.79999923706055,108.4000015258789,45,97.80000305175781,45
Chynoweth02,96,-109.68361,40.29092,11.949999809265137,14.399999618530273,0.3346930742263794,1050.4000244140625,35.04999923706055,-7.849999904632568,42.900001525878906,19.850000381469727,1.350000023841858,25.149999618530273,-1.9500000476837158,230.39999389648438,30.299999237060547,12.5,25.399999618530273,74.80000305175781,44.20000076293945,51.70000076293945,45.099998474121094
Chynoweth03,97,-109.61202,39.83576,13.149999618530273,13.5,0.3276561200618744,1014.7999877929688,35.04999923706055,-6.050000190734863,41.099998474121094,20.850000381469727,-0.15000000596046448,25.950000762939453,-0.15000000596046448,236.1999969482422,28.5,10.5,30.100000381469727,82,37.400001525878906,71.30000305175781,37.400001525878906
Chynoweth05,98,-109.438229,40.480805,10.949999809265137,13.800000190734863,0.3220140337944031,1045.5999755859375,33.849998474121094,-8.850000381469727,42.70000076293945,19.049999237060547,-2.75,24.049999237060547,-2.75,243.6999969482422,31.399999618530273,12.899999618530273,24.899999618530273,76.5999984741211,45.400001525878906,56.20000076293945,45.400001525878906
Chynoweth07,99,-109.523564,40.533605,10.25,13.800000190734863,0.3271971344947815,1017,32.95000076293945,-9.149999618530273,42.099998474121094,18.25,-2.950000047683716,23.049999237060547,-2.950000047683716,234.8000030517578,28.799999237060547,12.800000190734863,24,73.19999694824219,42.900001525878906,56.79999923706055,42.900001525878906
Chynoweth08,100,-109.48689,40.640878,7.150000095367432,13.699999809265137,0.32617345452308655,1006.0999755859375,29.850000381469727,-12.050000190734863,41.900001525878906,15.149999618530273,-5.75,19.950000762939453,-5.75,328.6000061035156,38,17.799999237060547,24.5,100.9000015258789,56.900001525878906,83.5,56.900001525878906
Copeland01,38,-117.33,43.7,12.050000190734863,11.300000190734863,0.297149121761322,942.4000244140625,33.45000076293945,-4.550000190734863,38,11.25,24.049999237060547,24.149999618530273,0.05000000074505806,282.5,36.79999923706055,10.199999809265137,36.599998474121094,91.69999694824219,32.70000076293945,46.70000076293945,85.80000305175781
Copeland05,39,-118.71,42.27,11.050000190734863,12.199999809265137,0.3191535770893097,923.0999755859375,32.54999923706055,-5.650000095367432,38.20000076293945,9.649999618530273,23.049999237060547,23.049999237060547,-0.3499999940395355,234,30.5,5.900000095367432,39.20000076293945,78.19999694824219,24.600000381469727,24.600000381469727,72.5
Copeland09,40,-119.68,43.47,9.649999618530273,12.100000381469727,0.3391527235507965,844.5999755859375,30.549999237060547,-5.25,35.79999923706055,0.25,20.850000381469727,20.850000381469727,-0.550000011920929,309.29998779296875,40.29999923706055,13.800000190734863,33.29999923706055,103.5999984741211,42.70000076293945,42.70000076293945,90.5999984741211
Copeland10,41,-118.74,42.77,7.25,11.5,0.3140327036380768,885.79998779296875,28.549999237060547,-8.149999618530273,36.70000076293945,5.550000190734863,19.049999237060547,19.049999237060547,-3.450000047683716,523.70001220703125,68.0999984741211,15.5,39.599998474121094,183.89999389648438,53.70000076293945,53.70000076293945,147.89999389648438
Davies03,103,-118.68,42.68,5.150000095367432,11.399999618530273,0.3081080913543701,896.20001220703125,26.450000762939453,-10.550000190734863,37,3.450000047683716,16.950000762939453,16.950000762939453,-5.75,568.9000244140625,73,16.100000381469727,39.599998474121094,196.39999389648438,57.70000076293945,57.70000076293945,165.10000610351562
Downs01,42,-119.430272,46.38145,14.550000190734863,12.600000381469727,0.31662487983703613,944.5,36.650001525878906,-3.25,39.900001525878906,3.1500000953674316,26.25,26.549999237060547,2.549999952316284,200.39999389648438,31.100000381469727,4.099999904632568,50.20000076293945,85.5,16.100000381469727,23,78.19999694824219
Downs02,43,-119.53334,46.25045,12.949999809265137,12.5,0.3328900635242462,878.70001220703125,34.349998474121094,-3.25,37.599998474121094,2.75,24.149999618530273,24.25,2.049999952316284,217.5,34.20000076293945,4.300000190734863,50,92.30000305175781,17.799999237060547,24.700000762939453,85.80000305175781
Downs03,44,-120.3671,45.9663,9.75,10.399999618530273,0.3163627088069916,762.9000244140625,29.049999237060547,-3.8499999046325684,32.900001525878906,1.25,19.950000762939453,19.950000762939453,0.550000011920929,480.20001220703125,85.4000015258789,8.800000190734863,57.20000076293945,221,39.099998474121094,39.099998474121094,206
Eshleman1,10,-107.71,42.9,9.050000190734863,13,0.31838658452033997,992.20001220703125,31.75,-8.949999809265137,40.70000076293945,13.25,-3.450000047683716,22.149999618530273,-3.450000047683716,237.1999969482422,47,6.699999809265137,57.70000076293945,109.9000015258789,25.399999618530273,65.4000015258789,25.399999618530273
Fleishman_01,45,-119.49,38.47,8.25,13.800000190734863,0.3935714364051819,775.29998779296875,28.25,-6.75,35,-1.0499999523162842,18.549999237060547,18.549999237060547,-1.0499999523162842,422.8999938964844,69,12,60.400001525878906,181.10000610351562,37,37,181.10000610351562
Fleishman_05,46,-117.27,39.12,7.849999904632568,11.699999809265137,0.30254092812538147,988.4000244140625,28.850000381469727,-9.850000381469727,38.70000076293945,6.050000190734863,20.649999618530273,20.649999618530273,-4.349999904632568,240.5,30.799999237060547,12.899999618530273,23.600000381469727,77.5,43.900001525878906,50.20000076293945,58.79999923706055
Fleishman_07,47,-117.44,39.17,7.150000095367432,12.100000381469727,0.3126614987850189,971.70001220703125,28.350000381469727,-10.350000381469727,38.70000076293945,10.649999618530273,19.850000381469727,19.850000381469727,-4.75,249,33.70000076293945,13.600000381469727,24,79.69999694824219,49.099998474121094,56.599998474121094,57.900001525878906
Germino BOP 01,104,-116.2338306,43.4720833,12.949999809265137,12,0.32193922996520996,900.4000244140625,34.54999923706055,-2.75,37.29999923706055,2.6500000953674316,24.450000762939453,24.649999618530273,1.75,335.79998779296875,50,5.400000095367432,50.900001525878906,132.3000030517578,23.200000762939453,29.100000381469727,124.30000305175781
Getts1,48,-120.5,41.17,10.050000190734863,12.300000190734863,0.33561021089553833,861.0999755859375,31.350000381469727,-5.25,36.599998474121094,0.75,21.549999237060547,21.549999237060547,-0.15000000596046448,349.70001220703125,49.79999923706055,5.900000095367432,47.400001525878906,126.19999694824219,27.299999237060547,27.299999237060547,116.5
Getts3,49,-120.67,40.43,11.75,12.600000381469727,0.34520548582077026,851.29998779296875,33.349998474121094,-3.1500000953674316,36.5,2.549999952316284,22.950000762939453,22.950000762939453,1.5499999523162842,393.29998779296875,68.19999694824219,4.099999904632568,65.30000305175781,172.89999389648438,19,19,169.89999389648438
Getts4,50,-120.28,41.71,3.950000047683716,11.300000190734863,0.3114640712738037,868,24.450000762939453,-11.75,36.20000076293945,-5.449999809265137,15.449999809265137,15.449999809265137,-6.449999809265137,770.5,124.4000015258789,11.399999618530273,52.900001525878906,302.70001220703125,49.900001525878906,49.900001525878906,274.6000061035156
Holdrege1,51,-111.57,41.61,8.350000381469727,12.199999809265137,0.32039475440979004,901.79998779296875,29.549999237060547,-8.449999809265137,38,6.949999809265137,20.049999237060547,20.149999618530273,-2.75,383.8999938964844,45.5,17.100000381469727,23.399999618530273,119.69999694824219,65.5999984741211,69.0999984741211,98.0999984741211
Hufbauer01,23,-105.144169,40.559085,10.350000381469727,14.100000381469727,0.3859289586544037,829.20001220703125,30.850000381469727,-5.75,36.599998474121094,13.949999809265137,-0.15000000596046448,21.049999237060547,-0.15000000596046448,468.5,87.5,10.699999809265137,56,206.6999969482422,44.20000076293945,153.3000030517578,44.20000076293945
Hufft1,52,-108.3286,38.6701,11.149999618530273,14.699999809265137,0.37142258882522583,903.4000244140625,32.349998474121094,-7.25,39.599998474121094,22.049999237060547,-0.6499999761581421,22.549999237060547,-0.6499999761581421,297,38,13.800000190734863,32.79999923706055,108.5999984741211,46.400001525878906,90,46.400001525878906
Hufft2,53,-105.102111,39.547444,10.25,15.5,0.40426453948020935,857.5,31.25,-7.050000190734863,38.29999923706055,13.949999809265137,-0.44999998807907104,21.350000381469727,-0.44999998807907104,477,66.4000015258789,16.200000762939453,44.79999923706055,182.89999389648438,56.5,159.3000030517578,56.5
JackieOtt1,54,-102.97,43.65,10.850000381469727,13.199999809265137,0.3341793417930603,981.79998779296875,33.04999923706055,-6.349999904632568,39.400001525878906,20.950000762939453,-1.75,23.649999618530273,-1.75,436.1000061035156,88.5,8.800000190734863,67.0999984741211,211.6999969482422,29.200000762939453,167.6999969482422,29.200000762939453
JackieOtt2,55,-102.32,43.71,10.75,12.699999809265137,0.3161277174949646,1026.9000244140625,33.45000076293945,-6.75,40.20000076293945,21.350000381469727,-2.450000047683716,24.149999618530273,-2.450000047683716,469.79998779296875,86.5,9.399999618530273,63.29999923706055,221.89999389648438,32.79999923706055,186.39999389648438,32.79999923706055
JackieOtt5,56,-102.61,43.78,10.149999618530273,13.100000381469727,0.3266666829586029,1010.7000122070312,32.75,-7.25,40,20.649999618530273,-2.75,23.350000381469727,-2.75,459.70001220703125,90.0999984741211,9.600000381469727,63.900001525878906,216.1999969482422,32.29999923706055,173.60000610351562,32.29999923706055
JackieOtt6,57,-101.94,43.84,10.449999809265137,12.399999618530273,0.3071369528770447,1039.300048828125,33.150001525878906,-7.25,40.400001525878906,21.149999618530273,-2.950000047683716,23.950000762939453,-2.950000047683716,519.79998779296875,95.19999694824219,10.600000381469727,62.599998474121094,249.3000030517578,38.79999923706055,205.8000030517578,38.79999923706055
JackieOtt7,58,-101.94,43.82,10.550000190734863,12.399999618530273,0.30693069100379944,1038.9000244140625,33.25,-7.150000095367432,40.400001525878906,21.25,-2.8499999046325684,24.049999237060547,-2.8499999046325684,524.4000244140625,95.69999694824219,10.800000190734863,62.29999923706055,250.6999969482422,39.400001525878906,207.1999969482422,39.400001525878906
Lavin01,59,-109.07,44.68,6.150000095367432,14.199999809265137,0.3417467772960663,975.4000244140625,28.549999237060547,-13.050000190734863,41.599998474121094,15.949999809265137,-6.349999904632568,18.850000381469727,-6.349999904632568,279.6000061035156,62.099998474121094,7.900000095367432,65,134.10000610351562,25.5,93.5,25.5
Lavin02,60,-111.03,45.67,7.050000190734863,12.899999618530273,0.33549779653549194,890.5,28.350000381469727,-10.149999618530273,38.5,10.649999618530273,-3.950000047683716,18.75,-3.950000047683716,545.20001220703125,94.5999984741211,21.600000381469727,46.79999923706055,234.60000610351562,71.5,162.5,71.5
Lee1,61,-116.0163889,36.82340833,18.850000381469727,13.300000190734863,0.3599819242954254,889.9000244140625,38.04999923706055,1.149999976158142,36.900001525878906,7.550000190734863,23.049999237060547,30.25,7.550000190734863,136.8000030517578,18.600000381469727,2.9000000953674316,42,53,16.899999618530273,25.200000762939453,53
Lee2,62,-115.7845,35.3984,17.549999237060547,12.800000190734863,0.37173911929130554,813.5,35.54999923706055,1.0499999523162842,34.5,27.950000762939453,20.850000381469727,27.950000762939453,7.349999904632568,243.3000030517578,33.599998474121094,4.099999904632568,43.599998474121094,81.4000015258789,23.100000381469727,81.4000015258789,78.5
Lee3,63,-115.8987,36.5247,16.950000762939453,12.399999618530273,0.35452380776405334,849.9000244140625,35.45000076293945,0.44999998807907104,35,6.150000095367432,20.75,27.75,6.150000095367432,294.8999938964844,39.099998474121094,5.099999904632568,45.20000076293945,102.5999984741211,28.799999237060547,81.19999694824219,102.5999984741211
Lee4,64,-115.52,35.4564,16.149999618530273,12.199999809265137,0.3619329333305359,810.20001220703125,34.04999923706055,0.25,33.79999923706055,26.450000762939453,19.549999237060547,26.450000762939453,6.050000190734863,299.29998779296875,46.599998474121094,6.099999904632568,46.400001525878906,110.5999984741211,28.299999237060547,91.5999984741211,90.5999984741211
Leger 1,65,-119.84,39.49,12.149999618530273,13.100000381469727,0.35620471835136414,846.4000244140625,33.25,-3.549999952316284,36.79999923706055,1.9500000476837158,23.049999237060547,23.350000381469727,1.9500000476837158,304.1000061035156,50.29999923706055,5.699999809265137,63.900001525878906,137.60000610351562,22,22.100000381469727,137.60000610351562
Maron1,66,-114.03,46.68,9.75,12.899999618530273,0.33013641834259033,873.5,30.75,-8.350000381469727,39.099998474121094,13.149999618530273,20.850000381469727,21.049999237060547,-1.25,312.6000061035156,41.79999923706055,18,25.399999618530273,104.80000305175781,65.9000015258789,80.69999694824219,70.4000015258789
Maron2,67,-113.23,46.64,6.849999904632568,12.800000190734863,0.3254877030849457,895.70001220703125,27.950000762939453,-11.350000381469727,39.29999923706055,15.649999618530273,-4.449999809265137,18.350000381469727,-4.449999809265137,349.3999938964844,55.400001525878906,16.100000381469727,41.20000076293945,140.3000030517578,53.400001525878906,117.0999984741211,53.400001525878906
Porensky1,68,-105.18,43.24,10.149999618530273,13.100000381469727,0.3274853825569153,952.0999755859375,33.349998474121094,-6.550000190734863,39.900001525878906,14.050000190734863,-1.649999976158142,22.950000762939453,-1.649999976158142,337.1000061035156,67.19999694824219,7.900000095367432,60.79999923706055,159.60000610351562,30.799999237060547,112.30000305175781,30.799999237060547
Porensky12,70,-105.1,43.55,8.850000381469727,13.100000381469727,0.32915621995925903,954.0999755859375,31.950000762939453,-7.949999809265137,39.900001525878906,12.75,-3.1500000953674316,21.549999237060547,-3.1500000953674316,414,80.30000305175781,8.800000190734863,59.79999923706055,191.5,35.29999923706055,142,35.29999923706055
Porensky17,69,-105.13,43.34,10.050000190734863,13.100000381469727,0.32872694730758667,951.5,33.150001525878906,-6.650000095367432,39.79999923706055,13.949999809265137,-1.850000023841858,22.75,-1.850000023841858,352,69.4000015258789,7.599999904632568,60.900001525878906,165.39999389648438,30.700000762939453,120.4000015258789,30.700000762939453
Porensky30,71,-105.27,40.63,7.349999904632568,13.800000190734863,0.3788919448852539,817.20001220703125,27.850000381469727,-8.550000190734863,36.400001525878906,10.75,-2.8499999046325684,17.950000762939453,-2.8499999046325684,510.5,92.4000015258789,12.399999618530273,54.70000076293945,220.1999969482422,49.599998474121094,172.3000030517578,49.599998474121094
Pyke1,75,-120.1941407,44.60203143,11.25,12.300000190734863,0.3612745404243469,768.4000244140625,31.149999618530273,-2.8499999046325684,34,13.550000190734863,21.549999237060547,21.549999237060547,1.9500000476837158,317.29998779296875,40.099998474121094,14.100000381469727,30.100000381469727,99.19999694824219,44.29999923706055,44.29999923706055,86.4000015258789
Pyke10,77,-119.3672737,46.74878715,13.75,12.300000190734863,0.31091371178627014,928.5999755859375,35.75,-3.6500000953674316,39.400001525878906,2.6500000953674316,25.25,25.549999237060547,1.9500000476837158,217,35,4.800000190734863,50.900001525878906,95.0999984741211,19.200000762939453,24.899999618530273,84.5
Pyke12,78,-119.3673257,46.749974,13.649999618530273,12.199999809265137,0.3118622303009033,921.79998779296875,35.54999923706055,-3.6500000953674316,39.20000076293945,2.6500000953674316,25.149999618530273,25.350000381469727,1.9500000476837158,222.3000030517578,35.79999923706055,4.900000095367432,50.70000076293945,97.19999694824219,19.700000762939453,25.600000381469727,86.30000305175781
Pyke15,79,-119.3533784,46.74869655,13.649999618530273,12.300000190734863,0.3133503496646881,919.70001220703125,35.54999923706055,-3.6500000953674316,39.20000076293945,2.6500000953674316,25.149999618530273,25.350000381469727,1.9500000476837158,218.6999969482422,35.20000076293945,4.800000190734863,50.70000076293945,95.5,19.299999237060547,25.100000381469727,84.9000015258789
Pyke16,80,-119.3482241,46.74939669,13.649999618530273,12.300000190734863,0.31292515993118286,916.5999755859375,35.54999923706055,-3.6500000953674316,39.20000076293945,2.6500000953674316,25.049999237060547,25.25,1.9500000476837158,220,35.400001525878906,4.800000190734863,50.79999923706055,96.0999984741211,19.299999237060547,25.200000762939453,85.4000015258789
Pyke17,81,-119.3504083,46.74994569,13.550000190734863,12.300000190734863,0.31410259008407593,914.20001220703125,35.349998474121094,-3.6500000953674316,39,2.6500000953674316,24.950000762939453,25.149999618530273,1.9500000476837158,224,36,4.900000095367432,50.70000076293945,97.80000305175781,19.799999237060547,25.700000762939453,86.80000305175781
Pyke19,82,-119.3487202,46.75087139,13.449999809265137,12.300000190734863,0.3151242434978485,911.20001220703125,35.25,-3.6500000953674316,38.900001525878906,2.6500000953674316,24.850000381469727,25.049999237060547,1.850000023841858,225.5,36.20000076293945,4.900000095367432,50.70000076293945,98.4000015258789,19.899999618530273,25.799999237060547,87.30000305175781
Pyke21,74,-119.6830115,47.61803776,11.050000190734863,10.399999618530273,0.2624158263206482,965.29998779296875,32.54999923706055,-7.050000190734863,39.599998474121094,-0.550000011920929,23.149999618530273,23.149999618530273,-1.350000023841858,262.20001220703125,40.20000076293945,7.5,45.29999923706055,107.9000015258789,28,28,100.9000015258789
Pyke3,72,-120.1924183,44.60456358,11.25,12.300000190734863,0.3612745404243469,768.4000244140625,31.149999618530273,-2.8499999046325684,34,13.550000190734863,21.549999237060547,21.549999237060547,1.9500000476837158,317.29998779296875,40.099998474121094,14.100000381469727,30.100000381469727,99.19999694824219,44.29999923706055,44.29999923706055,86.4000015258789
Pyke8,73,-119.361636,46.74830998,13.75,12.300000190734863,0.3117048144340515,925.70001220703125,35.650001525878906,-3.6500000953674316,39.29999923706055,2.6500000953674316,25.25,25.450000762939453,1.9500000476837158,217.6999969482422,35.099998474121094,4.800000190734863,50.79999923706055,95.19999694824219,19.200000762939453,25,84.5999984741211
Pyke9,76,-119.3603411,46.74833678,13.75,12.300000190734863,0.3117048144340515,925.70001220703125,35.650001525878906,-3.6500000953674316,39.29999923706055,2.6500000953674316,25.25,25.450000762939453,1.9500000476837158,217.6999969482422,35.099998474121094,4.800000190734863,50.79999923706055,95.19999694824219,19.200000762939453,25,84.5999984741211
Reed01,83,-109.47,38.52,14.850000381469727,14,0.3461538255214691,979.79998779296875,36.150001525878906,-4.150000095367432,40.29999923706055,21.950000762939453,2.1500000953674316,27.350000381469727,2.1500000953674316,295.8999938964844,34.79999923706055,16.299999237060547,22,95,57.400001525878906,78.5,57.400001525878906
Reed03,84,-109.79,38.75,15.050000190734863,14.100000381469727,0.3474958837032318,989.4000244140625,36.45000076293945,-4.150000095367432,40.599998474121094,22.149999618530273,20.149999618530273,27.75,2.25,204.89999389648438,26.600000381469727,10.100000381469727,25.399999618530273,70.0999984741211,42.599998474121094,46.5,42.900001525878906
Rinella01,85,-105.49,46.19,9.050000190734863,12.600000381469727,0.30589184165000916,1044.300048828125,31.950000762939453,-9.350000381469727,41.29999923706055,19.649999618530273,-4.449999809265137,22.649999618530273,-4.449999809265137,369.8999938964844,71.80000305175781,8,66.0999984741211,179.8000030517578,27.200000762939453,135,27.200000762939453
Rinella01,151,-105.49,46.19,9.050000190734863,12.600000381469727,0.30589184165000916,1044.300048828125,31.950000762939453,-9.350000381469727,41.29999923706055,19.649999618530273,-4.449999809265137,22.649999618530273,-4.449999809265137,369.8999938964844,71.80000305175781,8,66.0999984741211,179.8000030517578,27.200000762939453,135,27.200000762939453
Schupp01,13,-112.15,39.85,11.050000190734863,12.399999618530273,0.30392155051231384,1035.5999755859375,33.349998474121094,-7.449999809265137,40.79999923706055,9.949999809265137,24.350000381469727,24.350000381469727,-2.1500000953674316,448.70001220703125,51.900001525878906,19.799999237060547,26.399999618530273,149.5,71.9000015258789,71.9000015258789,114.0999984741211
Schupp02,12,-112.46,40.2,11.75,11,0.28341901302337646,1005.2000122070312,33.54999923706055,-5.349999904632568,38.900001525878906,10.75,24.649999618530273,24.75,-0.949999988079071,428.8999938964844,48.900001525878906,23.899999618530273,22.299999237060547,140.39999389648438,75.69999694824219,79.30000305175781,108.30000305175781
Schupp03,86,-113.79,38.6,13.050000190734863,12.399999618530273,0.32354220747947693,968.29998779296875,33.650001525878906,-4.650000095367432,38.29999923706055,20.649999618530273,1.9500000476837158,25.549999237060547,0.8500000238418579,221,22.5,13.899999618530273,16.5,66,46.70000076293945,52.5,47.400001525878906
Schupp04,87,-113.55,38.52,10.949999809265137,12.300000190734863,0.3249780237674713,966,31.549999237060547,-6.349999904632568,37.900001525878906,18.450000762939453,-1.25,23.350000381469727,-1.25,312.29998779296875,38.099998474121094,18.100000381469727,21.200000762939453,97.4000015258789,61.5,84,61.5
Schupp05,88,-112.74,39.11,14.449999809265137,13.199999809265137,0.33312344551086426,998.4000244140625,36.150001525878906,-3.549999952316284,39.70000076293945,13.850000381469727,27.450000762939453,27.450000762939453,1.850000023841858,240.3000030517578,27,10.199999809265137,26.600000381469727,79.0999984741211,37.70000076293945,37.70000076293945,56.29999923706055
Shriver01,101,-116.22,34.06,17.75,13.600000381469727,0.40940943360328674,733.5,35.45000076293945,2.1500000953674316,33.29999923706055,8.550000190734863,20.549999237060547,27.149999618530273,8.550000190734863,138,24.899999618530273,0.699999988079071,66,66.5,7.099999904632568,27.700000762939453,66.5
Shriver02,102,-114.04,48,9.050000190734863,8.100000381469727,0.26781797409057617,776.4000244140625,26.25,-4.150000095367432,30.399999618530273,11.050000190734863,19.549999237060547,19.549999237060547,-0.3499999940395355,733,94.69999694824219,39.400001525878906,25.600000381469727,241,145.60000610351562,145.60000610351562,166
SS,NA,-112.2,44.26,7.150000095367432,12.399999618530273,0.2959427237510681,1031.699951171875,30.25,-11.649999618530273,41.900001525878906,11.75,20.049999237060547,20.350000381469727,-6.050000190734863,333.5,47.20000076293945,17.5,31.799999237060547,122.30000305175781,61.5,85.0999984741211,70.69999694824219
Symstad1,89,-104.71,44.59,8.649999618530273,12.300000190734863,0.31705227494239807,958.9000244140625,30.75,-8.149999618530273,38.900001525878906,18.350000381469727,-3.549999952316284,21.25,-3.549999952316284,498.79998779296875,83.80000305175781,15.899999618530273,54.20000076293945,220.89999389648438,48.70000076293945,182.8000030517578,48.70000076293945
Symstad2,90,-103.46,43.87,7.650000095367432,11.699999809265137,0.3330959379673004,861.0999755859375,27.75,-7.349999904632568,35.099998474121094,16.450000762939453,-3.1500000953674316,19.049999237060547,-3.1500000953674316,554.9000244140625,113.9000015258789,9.100000381469727,69.9000015258789,276.1000061035156,35,229.39999389648438,35
Symstad3,91,-103.47,43.62,8.449999809265137,12.5,0.3385416865348816,898.5,29.450000762939453,-7.349999904632568,36.79999923706055,17.75,-2.8499999046325684,20.350000381469727,-2.8499999046325684,556.5,108,10.199999809265137,68.80000305175781,278.29998779296875,37.599998474121094,237.1999969482422,37.599998474121094
Symstad4,92,-102.58,43.71,10.149999618530273,13,0.3260233998298645,1005.4000244140625,32.650001525878906,-7.25,39.900001525878906,20.549999237060547,-2.75,23.25,-2.75,453.6000061035156,86.69999694824219,9.399999618530273,63.5,212.89999389648438,31.899999618530273,173.60000610351562,31.899999618530273
Symstad6,25,-103.71,41.83,11.149999618530273,14,0.35876068472862244,918.79998779296875,33.150001525878906,-5.849999904632568,39,15.350000381469727,-0.3499999940395355,23.25,-0.3499999940395355,441.5,85.4000015258789,8.5,66.5999984741211,213.39999389648438,32.20000076293945,185.3000030517578,32.20000076293945
Urza1,31,-119.34,40.35,14.149999618530273,11.100000381469727,0.3021402657032013,906.9000244140625,34.45000076293945,-2.1500000953674316,36.599998474121094,3.75,25.950000762939453,25.950000762939453,2.950000047683716,175.1999969482422,21.5,4.199999809265137,38.900001525878906,62.900001525878906,18.299999237060547,18.299999237060547,57.79999923706055
Urza2,93,-119.56,40.84,12.350000381469727,11.699999809265137,0.3057742714881897,947.4000244140625,33.349998474121094,-4.75,38.099998474121094,1.649999976158142,24.649999618530273,24.649999618530273,0.6499999761581421,202.1999969482422,26.100000381469727,5.099999904632568,42,75.0999984741211,18.299999237060547,18.299999237060547,69.30000305175781
Urza3,94,-120.2,41.6,10.050000190734863,11.800000190734863,0.31910568475723267,881.5999755859375,30.850000381469727,-6.050000190734863,36.900001525878906,0.44999998807907104,21.649999618530273,21.649999618530273,-0.550000011920929,482.8999938964844,76.69999694824219,6.800000190734863,52.400001525878906,189.10000610351562,31.399999618530273,31.399999618530273,172.5
WI,NA,-116.865965,43.459148,13.449999809265137,11.800000190734863,0.31555554270744324,905,34.95000076293945,-2.549999952316284,37.5,3.049999952316284,24.950000762939453,25.149999618530273,2.1500000953674316,298.1000061035156,40.900001525878906,7.800000190734863,42.900001525878906,107.4000015258789,27.100000381469727,37.099998474121094,100.69999694824219
Wilcox02,95,-105.66,41.31,6.550000190734863,13.600000381469727,0.35303032398223877,886.70001220703125,28.25,-10.25,38.5,15.449999809265137,-4.550000190734863,18.149999618530273,-4.550000190734863,331.79998779296875,56.400001525878906,9.600000381469727,53.5,143.1999969482422,34.70000076293945,122.19999694824219,34.70000076293945
