PopNum,NewSiteCode,Latitude,Longitude,countryORstate,ibs_id,bio1,bio2,bio3,bio4,bio5,bio6,bio7,bio8,bio9,bio10,bio11,bio12,bio13,bio14,bio15,bio16,bio17,bio18,bio19,ai,cmi_max,cmi_mean,cmi_min,cmi_range,fcf,fgd,gdd0,gdd10,gdd5,gddlgd0,gddlgd10,gddlgd5,gdgfgd0,gdgfgd10,gdgfgd5,gsl,gsp,gst,hurs_max,hurs_mean,hurs_min,hurs_range,kg0,kg1,kg2,kg3,kg4,kg5,lgd,ngd0,ngd10,ngd5,npp,pet_penman_max,pet_penman_mean,pet_penman_min,pet_penman_range,rsds_max,rsds_mean,rsds_min,rsds_range,scd,sfcWind_max,sfcWind_mean,sfcWind_min,sfcWind_range,swb,swe,tas_01,tas_02,tas_03,tas_04,tas_05,tas_06,tas_07,tas_08,tas_09,tas_10,tas_11,tas_12,tasmax_01,tasmax_02,tasmax_03,tasmax_04,tasmax_05,tasmax_06,tasmax_07,tasmax_08,tasmax_09,tasmax_10,tasmax_11,tasmax_12,tasmin_01,tasmin_02,tasmin_03,tasmin_04,tasmin_05,tasmin_06,tasmin_07,tasmin_08,tasmin_09,tasmin_10,tasmin_11,tasmin_12,vpd_max,vpd_mean,vpd_min,vpd_range,elev
113,AAFC4,50.08,-120.65,British_Columbia,1,2775,104,3.150000095,7391,2956,2627,329,2719,2733,2872,2683,3262,397,163,273,1042,544,861,860,0.443488717,224,-482,-1281,1505,123,122,21145,3888,11026,311,261,285,75,150,115,135,1712,2834,6588,5796,5254,1334,19,20,20,12,18,11,214,237,112,171,5652,15325,7431,1555,13771,24146,14073,3419,20727,172,4364,4022,3629,736,-578,730,2681,2699,2732,2768,2815,2851,2883,2881,2836,2775,2715,2668,2714,2742,2775,2820,2877,2916,2953,2956,2907,2828,2749,2700,2640,2652,2681,2710,2752,2791,2820,2821,2785,2736,2678,2627,8196,4160,1341,6855,1146
114,AAFC5,50.09,-120.45,British_Columbia,2,2775,103,3.150000095,7390,2954,2627,327,2849,2732,2871,2682,3629,475,195,271,1198,592,1071,868,0.496607363,189,-445,-1187,1376,121,122,20995,3777,10904,311,260,285,77,150,115,145,2037,2836,6425,5755,5216,1209,19,20,20,15,18,11,221,235,111,171,6218,15033,7351,1748,13285,23893,13805,3353,20540,172,4822,4507,4133,689,-533,733,2680,2697,2730,2768,2815,2850,2882,2880,2835,2775,2715,2668,2714,2740,2774,2820,2877,2914,2952,2954,2906,2828,2749,2700,2639,2650,2679,2711,2753,2790,2820,2821,2784,2736,2680,2627,8197,4167,1401,6796,1214
115,AAFC6,50.09,-120.75,British_Columbia,3,2801,103,3.079999924,7633,2983,2647,336,2742,2759,2900,2704,2918,364,144,276,966,495,740,784,0.360112995,239,-440,-1239,1478,122,92,27931,7478,16091,322,274,297,53,130,96,138,1801,2827,6642,5836,5316,1326,19,19,19,12,14,11,178,270,145,202,5111,14547,6737,1076,13470,23220,12926,2430,20790,130,3278,2992,2666,612,-528,512,2701,2724,2759,2794,2842,2880,2911,2908,2863,2800,2737,2688,2734,2766,2802,2845,2904,2944,2981,2983,2934,2853,2772,2719,2661,2678,2708,2737,2778,2819,2847,2849,2812,2761,2700,2647,9660,4918,1531,8129,908
116,AAFC8,49.57,-120.55,British_Columbia,4,2800,102,3.269999981,6756,2976,2663,313,2722,2887,2890,2719,5741,758,311,322,2172,1007,1161,1941,0.722652435,632,-231,-1106,1738,162,108,26558,6242,14583,326,273,298,44,138,100,187,2942,2845,6866,5950,5420,1446,10,10,19,12,12,11,233,283,136,199,9225,14292,6935,994,13298,24233,14610,3996,20237,145,2034,1946,1813,221,-283,1053,2719,2733,2759,2789,2830,2869,2901,2900,2859,2800,2742,2704,2750,2773,2802,2838,2890,2934,2972,2976,2932,2857,2780,2736,2679,2689,2711,2735,2771,2811,2840,2841,2807,2761,2703,2663,8879,4657,1601,7278,990
117,AAFC9,49.62,-119.8,British_Columbia,5,2801,93,2.940000057,7582,2978,2661,317,2713,2755,2900,2707,4139,463,237,210,1259,798,1061,1162,0.531323731,300,-406,-1232,1533,113,104,27850,7568,16157,323,277,299,57,133,100,172,2445,2847,6680,5803,5188,1492,19,19,19,12,13,11,216,267,145,200,6981,15256,7397,1361,13894,24389,14517,3956,20433,145,3048,2944,2785,263,-488,718,2703,2721,2754,2790,2837,2876,2911,2912,2869,2805,2739,2697,2727,2755,2791,2835,2892,2935,2976,2978,2930,2849,2766,2718,2665,2677,2704,2735,2777,2817,2850,2856,2821,2767,2704,2661,9948,4984,1595,8353,852
118,AAFC10,49.71,-120.05,British_Columbia,6,2790,98,3.069999933,7252,2971,2652,319,2862,2747,2886,2702,4636,565,253,238,1428,813,1340,1238,0.606517673,377,-316,-1052,1429,124,115,24493,5642,13491,317,269,292,62,142,108,176,2668,2848,6689,5880,5327,1362,19,19,19,13,13,11,245,256,128,185,7702,14393,6884,985,13408,24321,14632,3926,20395,162,2342,2203,2081,261,-379,853,2700,2716,2746,2780,2824,2865,2898,2896,2852,2790,2727,2690,2728,2752,2785,2826,2883,2929,2969,2971,2922,2841,2759,2715,2663,2675,2699,2728,2765,2805,2836,2838,2802,2751,2691,2652,8867,4510,1513,7354,1147
119,Adler2,41.05,-112.25,Utah,7,2844,55,1.600000024,10042,3025,2682,343,2832,2968,2974,2715,4599,589,151,311,1566,681,700,1134,0.609743178,167,-652,-1955,2122,101,89,42770,18809,29678,344,299,320,58,104,82,215,3112,2892,6092,5278,4555,1537,12,12,22,12,13,10,232,287,196,239,7649,21056,10229,2171,18885,28662,18120,6849,21813,109,4070,3427,2708,1362,-785,538,2706,2716,2766,2837,2892,2945,2993,2984,2927,2856,2783,2724,2734,2744,2793,2869,2926,2980,3025,3016,2957,2881,2804,2746,2682,2691,2740,2810,2862,2913,2960,2953,2899,2834,2766,2706,18515,8104,1998,16517,1305
121,Adler5,40.79,-111.87,Utah,8,2828,117,3.049999952,9302,3039,2657,382,2817,2946,2952,2712,5691,678,205,290,1912,863,877,1428,0.544892848,233,-481,-1564,1798,146,89,37180,14475,24417,332,289,309,50,118,81,183,3577,2867,5813,5159,4321,1492,9,9,18,12,13,10,208,283,172,229,9158,17664,9386,2731,14933,28959,19370,8600,20359,121,1980,1841,1641,339,-583,780,2704,2726,2773,2813,2864,2922,2971,2964,2904,2832,2757,2706,2749,2770,2819,2866,2925,2989,3039,3031,2973,2894,2808,2751,2657,2674,2711,2750,2796,2849,2895,2892,2842,2779,2710,2661,17035,7349,2118,14917,1486
122,Adler11,38.83,-112.05,Utah,9,2823,144,3.589999914,9253,3037,2637,400,2894,2945,2945,2708,2569,309,160,204,748,544,544,551,0.225822747,-150,-855,-1665,1515,171,81,35562,13698,23216,329,288,308,54,122,93,96,1814,2825,6060,5212,4308,1752,7,7,7,12,14,15,142,276,167,216,4548,18317,10615,3579,14739,29042,20542,10820,18222,108,2682,2379,2143,539,-1027,294,2703,2723,2761,2801,2863,2923,2963,2950,2902,2831,2754,2698,2771,2782,2817,2867,2936,2999,3037,3024,2980,2907,2825,2768,2642,2655,2689,2725,2781,2833,2875,2867,2824,2765,2697,2637,16273,7092,1902,14371,1765
123,Adler13,41.44,-111.08,Utah,10,2791,124,3.140000105,9703,3010,2616,394,2831,2670,2920,2670,2743,358,150,262,887,482,679,482,0.290815234,-79,-689,-1576,1497,120,111,28098,9444,17579,315,276,296,78,136,112,101,1755,2839,6280,5414,4449,1831,19,19,19,15,14,17,175,238,141,185,4830,17526,9104,2431,15096,28335,18814,8040,20295,154,3284,3103,2892,392,-826,390,2665,2681,2728,2772,2832,2890,2939,2930,2872,2800,2719,2664,2716,2732,2775,2827,2895,2960,3010,3002,2946,2869,2775,2715,2617,2625,2664,2703,2760,2814,2862,2857,2806,2743,2670,2616,13716,5676,1401,12315,1947
124,Adler14,41.81,-111.25,Utah,11,2774,113,2.980000019,9632,2985,2608,377,2811,2675,2903,2656,4449,546,270,192,1335,953,954,993,0.528884053,90,-566,-1632,1722,107,136,24068,7192,14510,308,269,290,93,147,122,143,2125,2865,6156,5295,4326,1830,19,19,19,13,13,11,238,216,123,169,7434,18941,9251,2464,16478,28000,18255,7546,20454,190,4616,4387,4086,530,-682,946,2651,2665,2709,2751,2811,2871,2922,2915,2856,2785,2703,2651,2696,2711,2751,2800,2870,2934,2985,2978,2923,2847,2753,2695,2609,2614,2649,2687,2743,2800,2852,2847,2794,2732,2658,2608,12640,5187,1297,11343,2184
125,Adler16,41.78,-110.2,Wyoming,12,2796,124,3.119999886,9812,3015,2619,396,2841,2671,2925,2671,2233,306,103,310,750,340,611,340,0.230874822,-123,-741,-1613,1490,111,98,29618,10158,18638,316,277,297,73,132,104,85,1637,2829,6037,5179,4277,1760,7,7,7,15,14,17,149,244,146,194,3995,17822,9218,2434,15388,28505,18663,7709,20796,143,4111,3766,3171,940,-888,283,2664,2680,2736,2785,2841,2898,2944,2934,2873,2803,2724,2668,2711,2729,2786,2843,2906,2969,3015,3006,2947,2870,2776,2712,2619,2624,2672,2714,2767,2820,2865,2858,2804,2744,2678,2623,14574,6127,1508,13066,2018
126,Adler17,41.44,-110.11,Wyoming,13,2791,135,3.309999943,9863,3013,2606,407,2837,2665,2921,2665,2252,295,109,269,734,376,584,376,0.228199944,-106,-710,-1555,1449,124,101,28537,9551,17805,314,275,295,75,134,107,80,1543,2827,5908,5087,4150,1758,7,7,7,15,14,17,151,240,142,189,4027,17195,8934,2408,14787,27776,18261,7832,19944,146,4463,4017,3346,1117,-851,316,2659,2675,2732,2780,2837,2895,2940,2928,2869,2798,2718,2661,2715,2731,2787,2842,2905,2968,3013,3002,2946,2870,2777,2715,2606,2611,2661,2703,2758,2811,2854,2846,2794,2735,2666,2608,14486,6055,1506,12980,2034
127,Adler18,40.86,-114.22,Nevada,14,2848,119,2.980000019,9675,3060,2660,400,2842,2724,2976,2724,1697,219,99,225,551,358,373,358,0.152819499,-153,-869,-1785,1632,124,60,43656,18694,29942,342,296,317,41,102,67,57,1339,2829,6037,4916,4003,2034,5,5,5,16,15,10,78,302,195,251,3088,18921,10071,2693,16227,29013,18940,7911,21102,75,3511,2933,2556,955,-1043,148,2713,2739,2797,2838,2890,2945,2997,2986,2924,2851,2776,2721,2764,2789,2846,2894,2950,3010,3060,3050,2990,2913,2828,2768,2660,2678,2729,2769,2823,2877,2928,2918,2861,2792,2726,2673,21011,8967,2221,18790,1425
128,Barnett1,43.48,-110.74,Wyoming,15,2773,116,3.329999924,8072,2972,2624,348,2680,2878,2881,2674,8149,929,471,212,2596,1512,1646,2421,0.980235755,736,-119,-1182,1918,137,155,21280,4837,11508,308,264,287,79,157,127,150,2813,2852,6588,5696,4837,1751,19,19,19,17,17,17,304,230,108,161,9166,16458,7769,1469,14989,27054,16383,5108,21946,211,3011,2787,2503,508,-205,2071,2670,2687,2727,2760,2794,2852,2898,2892,2843,2778,2705,2664,2712,2731,2769,2807,2854,2923,2972,2968,2917,2840,2754,2704,2630,2640,2671,2700,2729,2775,2818,2815,2776,2723,2658,2624,9872,4372,1268,8604,2033
129,Baughman2,43.05,-118.87,Oregon,16,2831,116,3.230000019,8499,3040,2681,359,2863,2942,2944,2727,2738,393,80,396,942,281,429,758,0.265957743,62,-657,-1637,1699,131,69,37186,13737,23903,338,290,312,37,117,77,129,1929,2820,6087,5193,4215,1872,7,7,7,12,14,10,151,302,174,236,4822,17245,8748,2268,14977,28665,17335,5986,22679,92,3270,2917,2517,753,-790,332,2722,2739,2779,2815,2863,2911,2965,2957,2903,2836,2765,2719,2764,2784,2830,2874,2928,2982,3040,3031,2977,2905,2814,2760,2681,2689,2723,2754,2799,2843,2890,2885,2840,2785,2726,2681,16776,7321,2225,14551,1311
130,Baughman3,42.81,-118.96,Oregon,17,2822,117,3.220000029,8569,3032,2669,363,2809,2934,2936,2717,3435,485,100,399,1215,356,496,939,0.341563404,110,-632,-1652,1762,149,83,34598,12321,21923,332,287,308,49,123,86,140,2159,2834,6337,5236,4078,2259,12,13,23,12,13,10,179,284,165,223,5921,17496,9057,2548,14948,29131,18239,7075,22056,112,3359,3014,2582,777,-761,504,2713,2729,2769,2805,2853,2902,2958,2949,2895,2828,2756,2709,2754,2772,2819,2863,2917,2973,3032,3023,2970,2897,2806,2750,2671,2678,2712,2743,2789,2833,2881,2876,2831,2776,2715,2669,16412,6994,1932,14480,1501
131,Baughman5,42.72,-120.08,Oregon,18,2812,116,3.269999981,8357,3015,2659,356,2799,2921,2923,2710,3130,392,118,324,1036,415,501,835,0.325306237,42,-673,-1777,1819,161,93,31608,10426,19486,328,283,305,55,129,96,130,1910,2833,5868,5076,4060,1808,19,13,23,12,13,10,181,274,155,210,5446,19010,9211,2606,16403,28866,17547,6380,22486,127,4491,4038,3415,1076,-808,490,2706,2722,2759,2795,2843,2890,2943,2936,2885,2819,2748,2701,2750,2768,2808,2851,2905,2959,3015,3008,2957,2886,2797,2744,2662,2668,2701,2734,2779,2822,2869,2865,2821,2766,2707,2659,15108,6607,2047,13061,1611
133,Blumenthal4,40.7,-106.24,Colorado,19,2756,132,3.599999905,8307,2961,2595,366,2839,2655,2867,2655,5165,565,291,212,1611,922,1517,922,0.617780268,73,-411,-1000,1074,144,148,18298,3370,9593,301,257,281,100,159,133,150,2519,2842,6226,5605,5085,1141,20,20,20,17,18,6,297,202,99,149,7931,15277,8275,2457,12820,27884,18673,8293,19591,207,4159,3834,3231,928,-496,1000,2652,2667,2703,2739,2788,2847,2882,2873,2829,2763,2688,2646,2709,2724,2761,2800,2858,2925,2961,2951,2908,2837,2753,2704,2603,2612,2641,2675,2719,2766,2801,2798,2760,2706,2633,2595,8450,3921,1218,7232,2490
135,Blumenthal7,41.54,-106.39,Wyoming,20,2765,111,3.140000105,8534,2969,2617,352,2798,2662,2881,2662,4848,658,242,254,1583,839,1271,839,0.606508851,121,-425,-1213,1334,115,143,20251,4716,11284,305,261,283,99,154,129,159,2267,2849,6046,5417,4710,1336,19,20,20,17,18,6,301,207,108,155,8003,16288,8143,1778,14510,27986,18491,7966,20020,201,3226,2733,2174,1052,-512,938,2661,2669,2705,2741,2796,2857,2898,2888,2836,2769,2700,2657,2704,2714,2751,2796,2861,2928,2969,2958,2906,2831,2749,2700,2621,2623,2653,2685,2736,2790,2830,2824,2781,2722,2657,2617,10079,4437,1398,8681,2557
138,Board1,38.84,-117.57,Nevada,21,2809,111,3.059999943,9079,3009,2646,363,2791,2926,2929,2697,2089,264,117,208,674,446,494,474,0.217177585,-102,-695,-1414,1313,161,97,31522,11171,20015,326,284,304,66,131,104,86,1378,2830,5523,4678,3711,1812,7,7,7,16,14,15,154,261,154,201,3754,15798,8640,2488,13310,29529,20113,9298,20231,132,2261,1963,1649,612,-835,308,2691,2707,2744,2785,2843,2900,2949,2939,2889,2820,2745,2694,2733,2747,2789,2841,2904,2964,3009,2999,2951,2880,2798,2740,2646,2656,2688,2725,2779,2832,2880,2872,2827,2767,2700,2651,16468,7165,2067,14401,2197
139,Bradford1,35.23,-111.62,Arizona,22,2823,119,3.700000048,7661,2998,2676,322,2914,2862,2923,2727,5702,854,113,423,2156,611,1678,1614,0.545121968,114,-593,-1639,1753,146,84,34124,11224,21038,340,288,312,37,120,87,188,3561,2853,5288,4770,3774,1514,13,13,23,12,13,10,180,304,169,226,9173,17410,10515,3871,13539,29622,21219,12441,17181,107,2194,1782,1292,902,-725,641,2722,2738,2768,2808,2863,2916,2934,2919,2889,2831,2767,2721,2780,2794,2831,2877,2933,2988,2998,2979,2952,2897,2831,2780,2676,2686,2710,2744,2795,2844,2874,2865,2835,2781,2723,2678,13311,7017,2730,10581,2273
140,Chambers1,39.55,-119.58,Nevada,23,2850,120,3.299999952,8582,3052,2688,364,2743,2960,2962,2743,2076,287,58,448,822,222,247,822,0.182383806,-113,-937,-1937,1824,119,27,43386,17431,28690,357,301,322,5,107,66,113,1622,2790,6134,4971,3897,2237,7,7,7,15,14,10,92,353,195,257,3732,19939,11041,3622,16317,29659,20229,9256,20403,30,4174,3410,2681,1493,-1125,68,2736,2757,2793,2830,2883,2934,2981,2972,2927,2861,2788,2736,2780,2798,2843,2888,2948,3004,3052,3041,2993,2922,2841,2780,2688,2699,2728,2763,2812,2860,2902,2897,2863,2805,2740,2691,19359,8720,2479,16880,1429
141,Chambers2,39.95,-118.76,Nevada,24,2865,124,3.25999999,9057,3068,2688,380,2859,2978,2984,2750,1485,197,30,354,485,173,219,435,0.12329901,-143,-931,-1896,1753,103,17,48757,21110,33411,NA,302,324,NA,86,52,60,1252,2808,5784,4541,3451,2333,5,5,5,15,10,10,21,365,217,273,2720,19253,10513,2853,16399,30062,19850,8533,21529,0,3481,2730,2066,1415,-1118,NA,2740,2772,2819,2854,2904,2956,3004,2992,2938,2866,2791,2739,2786,2820,2871,2913,2966,3021,3068,3056,3005,2929,2844,2784,2688,2710,2748,2781,2831,2880,2923,2912,2866,2805,2740,2691,23810,10462,2786,21024,1253
142,Chambers4,41.31,-117.63,Nevada,25,2841,122,3.069999933,9546,3057,2660,397,2731,2962,2967,2719,2200,301,42,435,803,201,229,765,0.197571144,32,-809,-1846,1877,129,70,41506,17195,28056,337,295,315,43,108,71,104,1232,2824,6599,5022,3735,2864,7,7,7,14,14,10,141,295,188,245,3940,18979,9858,2510,16469,29638,19041,7653,21985,93,3059,2575,1994,1065,-973,352,2709,2736,2789,2829,2881,2934,2989,2977,2919,2848,2771,2713,2752,2781,2839,2888,2944,3003,3057,3047,2991,2914,2821,2755,2660,2678,2724,2761,2810,2860,2909,2901,2848,2787,2724,2667,20887,8633,1813,19074,1353
143,Chambers5,41.54,-117.75,Nevada,26,2827,121,3.059999943,9504,3044,2648,396,2718,2947,2952,2706,2867,381,59,423,994,257,320,933,0.269176632,117,-720,-1807,1924,145,85,37444,14618,24691,331,290,310,53,117,80,121,1646,2836,6263,4902,3545,2718,7,7,7,12,14,15,164,279,174,231,5029,18739,9502,2406,16333,29627,18964,7828,21799,118,2483,2174,1787,696,-866,549,2697,2721,2774,2815,2866,2920,2974,2963,2905,2835,2758,2700,2738,2765,2822,2873,2930,2989,3044,3034,2978,2901,2807,2741,2648,2665,2711,2748,2795,2844,2893,2885,2834,2776,2714,2655,19729,8065,1816,17913,1590
144,Chambers6,41.54,-117.78,Nevada,27,2838,122,3.069999933,9476,3055,2659,396,2730,2958,2963,2718,2649,349,54,421,917,238,296,861,0.24015443,93,-740,-1809,1902,131,75,40565,16563,27256,337,294,314,45,110,73,118,1584,2830,6260,4953,3711,2549,7,7,7,12,14,10,152,293,185,242,4678,18698,9521,2349,16349,29489,18726,7419,22070,99,2559,2228,1816,744,-889,414,2708,2733,2785,2826,2877,2930,2985,2974,2916,2846,2769,2712,2750,2777,2834,2884,2941,3000,3055,3044,2989,2912,2818,2752,2659,2676,2722,2758,2806,2855,2904,2896,2845,2786,2724,2666,20497,8500,1975,18522,1354
145,Chambers7,43.94,-116.19,Idaho,28,2838,129,3.349999905,8841,3051,2666,385,2734,2951,2954,2727,5115,772,92,510,2082,379,483,1967,0.463856846,555,-428,-1590,2146,128,77,39954,15582,26371,336,294,314,33,109,70,164,2870,2853,6261,5396,4481,1780,12,12,22,12,13,10,189,304,186,245,8375,16913,8385,1777,15136,28451,17402,6175,22276,104,1525,1378,1155,369,-535,837,2721,2745,2790,2828,2876,2922,2972,2968,2912,2845,2767,2715,2766,2793,2845,2893,2945,2996,3051,3048,2993,2917,2821,2761,2673,2691,2729,2758,2801,2846,2888,2887,2840,2785,2719,2666,16489,7399,2080,14409,850
146,Chambers8,42.24,-114.57,Idaho,29,2826,116,3.019999981,9267,3047,2662,385,2862,2945,2949,2709,2905,411,115,360,1051,402,538,697,0.281762272,20,-717,-1708,1727,142,81,36513,13990,23854,332,288,309,54,119,83,119,2002,2832,6171,5194,4156,2015,7,7,7,15,14,10,161,279,170,227,5090,18210,9524,2767,15443,28256,18116,7188,21068,109,3902,3536,3018,884,-862,400,2703,2720,2770,2811,2862,2914,2970,2962,2902,2831,2758,2705,2745,2765,2818,2869,2928,2989,3047,3039,2978,2899,2809,2746,2662,2672,2714,2749,2798,2846,2899,2894,2840,2781,2717,2666,17494,7335,1935,15559,1475
147,Chambers9,40.66,-116.73,Nevada,30,2844,125,3.029999971,9937,3062,2650,412,2835,2969,2975,2717,2621,373,60,417,925,263,297,808,0.231839046,66,-708,-1785,1851,134,73,42676,18337,29224,338,296,316,45,107,72,111,1665,2835,6181,4868,3619,2562,7,7,7,14,14,10,148,294,190,245,4633,18447,9202,2029,16418,28997,17856,6341,22656,96,3035,2519,2052,983,-851,367,2704,2734,2788,2830,2886,2942,2997,2985,2925,2850,2773,2713,2753,2783,2841,2890,2949,3009,3062,3051,2994,2917,2829,2761,2650,2671,2718,2760,2816,2870,2921,2911,2855,2787,2721,2662,22214,9103,1999,20215,1465
148,Copeland1,43.7,-117.33,Oregon,31,2841,111,2.930000067,9275,3053,2674,379,2837,2957,2962,2722,2740,359,95,364,885,321,460,822,0.263305604,99,-745,-1822,1920,116,67,41320,16742,27754,337,294,315,39,105,68,125,1829,2834,6036,4899,3835,2201,7,7,7,14,14,10,149,299,190,248,4825,19276,9615,2226,17050,28162,16781,5400,22762,91,3938,3404,3078,860,-895,372,2713,2741,2794,2834,2883,2930,2982,2974,2916,2845,2770,2712,2755,2788,2846,2894,2946,2999,3053,3045,2986,2909,2816,2751,2674,2692,2736,2774,2823,2868,2915,2910,2859,2795,2732,2676,19767,8539,2158,17609,1172
149,Copeland5,42.27,-118.71,Oregon,32,2830,119,3.180000067,8954,3041,2666,375,2728,2945,2948,2718,2293,287,57,379,762,243,302,713,0.219429642,-33,-810,-1823,1790,143,75,37267,14181,24261,334,290,311,46,117,79,109,1373,2821,6008,4994,3946,2062,7,7,7,14,14,10,148,289,174,233,4095,18789,9940,3022,15767,29211,18542,7244,21967,103,4076,3642,3146,930,-973,362,2712,2732,2777,2814,2865,2915,2970,2960,2904,2835,2761,2710,2755,2777,2827,2872,2927,2984,3041,3031,2976,2903,2812,2753,2666,2677,2715,2748,2798,2844,2894,2886,2838,2777,2716,2666,18017,7710,2144,15873,1398
150,Copeland9,43.47,-119.68,Oregon,33,2817,121,3.380000114,8260,3025,2668,357,2723,2924,2927,2715,2999,386,116,341,1016,392,465,890,0.300151885,121,-632,-1600,1721,152,85,32852,10960,20315,331,284,306,50,126,88,130,1775,2828,6371,5281,4198,2173,7,7,7,12,14,10,173,282,159,219,5239,17278,8705,2285,14993,28696,17258,5927,22769,114,3789,3402,2972,816,-760,499,2710,2728,2767,2802,2848,2894,2947,2939,2887,2821,2753,2707,2753,2775,2821,2863,2916,2968,3025,3017,2966,2893,2801,2748,2669,2678,2712,2740,2781,2822,2866,2862,2818,2767,2715,2668,15101,6581,1879,13222,1388
151,Copeland10,42.77,-118.74,Oregon,34,2792,113,3.130000114,8616,3002,2640,362,2778,2905,2907,2686,5109,675,147,393,1752,521,733,1448,0.567472398,359,-402,-1531,1890,119,124,26715,7919,15916,317,275,296,71,142,112,141,2141,2858,5843,5060,3907,1936,23,23,23,12,13,11,222,247,134,185,8367,16744,8102,2069,14676,28872,17280,6072,22800,171,3104,2853,2499,605,-495,1088,2682,2698,2738,2774,2823,2872,2928,2920,2866,2800,2726,2679,2718,2738,2785,2831,2886,2943,3002,2994,2939,2866,2773,2716,2643,2651,2684,2714,2759,2803,2851,2847,2803,2750,2687,2640,14070,5912,1737,12333,1828
153,Downs1,46.38145,-119.430272,Washington,35,2867,121,3.190000057,9195,3076,2697,379,2754,2976,2985,2748,1982,297,40,478,824,167,246,741,0.172693685,91,-814,-1899,1991,93,22,49553,22109,34398,350,300,322,2,80,53,130,1543,2806,6352,5186,4219,2133,5,5,5,15,9,10,100,349,221,270,3574,19419,9740,1945,17474,27851,16198,4540,23311,35,3637,3106,2683,955,-977,101,2742,2771,2824,2873,2922,2961,3001,2992,2935,2860,2787,2732,2785,2823,2880,2936,2988,3031,3076,3067,3010,2926,2835,2772,2702,2720,2761,2801,2849,2889,2924,2917,2867,2804,2746,2697,20702,9430,2299,18403,145
154,Downs2,46.25045,-119.53334,Washington,36,2851,120,3.359999895,8522,3053,2696,357,2749,2955,2962,2744,2152,326,45,474,889,185,265,814,0.198574483,101,-830,-2020,2121,107,29,43778,17587,29091,349,294,318,4,94,61,139,1496,2803,6223,5050,4146,2077,7,7,7,15,14,10,115,346,201,258,3860,20641,10033,2103,18537,27222,15103,3488,23734,41,5040,4224,3549,1491,-996,118,2739,2761,2805,2850,2898,2937,2979,2971,2916,2845,2778,2731,2781,2812,2861,2913,2965,3007,3053,3045,2989,2911,2825,2769,2700,2710,2743,2779,2826,2865,2901,2895,2849,2790,2737,2696,18365,8510,2326,16039,332
155,Downs3,45.9663,-120.3671,Washington,37,2819,101,3.170000076,7379,3005,2687,318,2734,2914,2916,2728,4724,821,91,552,2127,401,483,1962,0.526492238,548,-557,-1851,2399,128,87,32466,9879,19383,335,283,307,28,124,83,168,2266,2842,6308,5380,4454,1854,13,13,23,12,13,10,202,308,160,225,7827,19402,9373,2211,17191,28356,16436,4966,23390,116,4508,3929,3389,1119,-681,905,2727,2741,2774,2806,2850,2888,2932,2928,2883,2819,2758,2717,2756,2779,2819,2860,2911,2955,3005,3001,2951,2876,2793,2746,2696,2702,2727,2751,2790,2825,2864,2865,2829,2779,2727,2687,13127,6222,2035,11092,958
156,Downs4,46.73598,-120.82735,Washington,38,2814,111,3.210000038,7890,3011,2665,346,2720,2913,2917,2716,4248,749,104,569,1990,401,459,1785,0.461372107,498,-564,-1737,2235,149,97,31856,9934,19334,327,282,304,45,124,85,146,1853,2847,6263,5514,4806,1457,23,13,23,12,13,10,198,283,159,220,7141,18524,9070,2152,16372,27405,16334,5299,22106,134,4331,3493,2671,1660,-678,972,2713,2733,2770,2806,2851,2892,2931,2927,2882,2817,2746,2701,2747,2772,2816,2862,2914,2962,3011,3007,2958,2881,2790,2737,2676,2690,2717,2746,2787,2826,2860,2859,2823,2769,2706,2665,12183,5878,1847,10336,644
157,Eshleman1,42.9,-107.71,Wyoming,39,2808,126,3.140000105,9749,3031,2630,401,2852,2697,2939,2686,2325,450,67,541,1010,256,620,257,0.233684435,-175,-747,-1619,1444,146,85,32323,11942,20804,320,279,299,65,127,97,82,1910,2823,5602,5040,4333,1269,7,7,7,15,14,15,120,256,153,203,4148,17980,9346,2512,15467,28309,18384,7533,20776,123,3971,3730,3289,682,-896,175,2680,2699,2750,2795,2851,2910,2958,2948,2883,2808,2733,2679,2735,2757,2812,2860,2921,2984,3031,3021,2959,2877,2789,2729,2630,2642,2687,2728,2784,2838,2884,2877,2821,2755,2686,2633,15665,6676,1873,13792,1796
158,Fleishman1,38.47,-119.49,California,40,2802,134,3.930000067,7463,2996,2655,341,2712,2900,2901,2712,4132,671,125,581,1833,378,419,1833,0.410222709,274,-683,-1732,2006,188,124,27489,7674,15980,330,281,304,58,142,113,120,1376,2847,5589,5155,4602,987,13,13,23,12,13,11,207,273,140,192,6971,18563,10166,3299,15265,29761,20255,9065,20696,156,3018,2854,2686,332,-830,1073,2708,2722,2747,2773,2822,2876,2917,2910,2873,2816,2750,2707,2770,2774,2799,2832,2889,2951,2996,2990,2952,2893,2819,2770,2655,2664,2686,2710,2750,2797,2834,2829,2799,2752,2695,2655,11564,5691,2277,9287,2169
159,Fleishman3,38.58,-118.83,Nevada,41,2791,115,3.130000114,8913,2987,2619,368,2774,2904,2907,2679,2364,267,103,254,753,361,442,658,0.260741889,-10,-619,-1416,1406,126,116,26931,8153,16263,321,277,298,79,140,113,92,1162,2840,5076,4490,3660,1416,7,7,7,12,14,11,183,243,138,186,4212,15609,8098,2239,13370,29721,19471,8228,21493,159,2733,2376,2171,562,-745,497,2669,2689,2727,2770,2826,2879,2926,2917,2870,2804,2734,2678,2716,2733,2778,2827,2887,2944,2987,2978,2930,2863,2790,2726,2619,2630,2662,2703,2759,2814,2861,2853,2810,2750,2684,2630,14427,6394,2041,12386,2664
160,Fleishman5,39.12,-117.27,Nevada,42,2797,111,2.920000076,9620,3003,2623,380,2779,2920,2924,2678,2354,299,126,220,755,445,508,577,0.255830497,-26,-670,-1502,1476,111,111,29442,10271,18669,319,280,299,77,135,111,90,1329,2843,5432,4625,3590,1842,7,7,7,12,14,15,176,243,146,189,4196,16482,8619,2197,14286,29216,19218,8196,21020,154,2213,1893,1555,658,-806,429,2671,2687,2729,2774,2835,2894,2945,2934,2882,2810,2731,2676,2714,2726,2771,2827,2893,2955,3003,2992,2942,2869,2786,2723,2623,2633,2669,2713,2772,2828,2877,2869,2820,2754,2683,2629,16359,6864,1856,14503,2386
161,Fleishman7,39.17,-117.44,Nevada,43,2790,114,3.019999981,9453,2997,2619,378,2826,2912,2916,2674,2448,330,135,230,787,501,575,566,0.268680066,-64,-670,-1448,1384,114,116,27477,9053,17083,317,277,297,82,139,115,91,1355,2845,5394,4595,3549,1845,7,7,7,15,14,17,180,236,139,183,4350,16155,8692,2498,13658,29366,20157,9569,19797,159,1957,1733,1533,424,-805,441,2668,2683,2723,2766,2826,2885,2937,2926,2873,2802,2725,2671,2711,2723,2767,2820,2886,2948,2997,2986,2936,2863,2780,2719,2619,2628,2662,2703,2761,2816,2865,2857,2809,2745,2676,2624,15663,6547,1839,13824,2558
162,Getts1,41.17,-120.5,California,44,2820,120,3.390000105,8246,3026,2673,353,2730,2928,2930,2721,3471,470,61,467,1292,274,347,1184,0.338173658,189,-661,-1799,1989,161,91,33337,11609,20865,333,288,309,46,128,97,136,1858,2836,6257,5296,4249,2008,13,13,23,12,13,10,186,288,161,213,5976,18597,9393,2595,16002,29084,18120,6634,22450,120,3328,3052,2714,614,-797,594,2718,2732,2761,2793,2848,2899,2949,2941,2895,2830,2757,2714,2757,2769,2805,2851,2913,2971,3026,3019,2973,2902,2808,2753,2676,2683,2703,2729,2778,2823,2868,2863,2825,2774,2715,2673,15055,6654,2025,13030,1602
163,Getts3,40.43,-120.67,California,45,2838,121,3.380000114,8177,3045,2689,356,2748,2944,2946,2738,3869,618,39,650,1748,194,227,1732,0.351592153,324,-694,-1864,2187,130,57,38921,14520,24869,353,296,318,15,118,79,174,2248,2823,6563,5422,4400,2163,12,12,12,12,13,10,176,339,179,240,6580,19192,10015,2669,16524,29570,19121,7641,21929,68,2360,2106,1877,483,-852,311,2732,2749,2778,2812,2866,2918,2964,2955,2913,2850,2779,2734,2774,2787,2825,2871,2934,2992,3045,3036,2990,2919,2827,2771,2689,2698,2720,2748,2794,2840,2880,2878,2847,2797,2739,2695,15993,7247,2151,13842,1435
164,Getts4,41.71,-120.28,California,46,2759,111,3.160000086,8352,2958,2607,351,2667,2868,2869,2657,7618,1175,115,520,3079,489,687,2774,0.982182801,890,-220,-1647,2538,111,175,18953,3695,10058,305,260,284,103,163,131,127,1060,2846,5924,5167,4045,1879,23,24,24,17,17,17,301,203,98,154,8141,17594,8299,2173,15421,29740,17989,6456,23284,234,4689,4331,3993,695,-378,2954,2653,2669,2700,2736,2791,2839,2887,2881,2835,2772,2697,2650,2693,2708,2743,2787,2850,2904,2958,2952,2907,2838,2743,2689,2609,2617,2644,2678,2730,2774,2819,2815,2773,2721,2656,2607,10612,4546,1434,9178,2208
165,Holdrege1,41.61,-111.57,Utah,47,2802,120,3.180000067,8915,3009,2633,376,2788,2916,2921,2692,3835,444,176,215,1170,691,692,972,0.402623117,116,-588,-1546,1662,166,107,29507,9761,18191,319,279,299,64,136,106,135,2143,2849,6191,5451,4682,1509,19,19,19,12,13,15,195,256,144,194,6529,17178,8976,2109,15068,28639,19222,8343,20296,149,1232,1153,1055,177,-708,646,2688,2706,2748,2782,2833,2892,2939,2932,2877,2809,2731,2682,2737,2752,2791,2832,2894,2960,3009,3002,2948,2873,2786,2733,2643,2654,2688,2717,2765,2817,2862,2858,2811,2755,2680,2633,13109,5742,1631,11478,1851
166,Hufft1,38.6701,-108.3286,Colorado,48,2830,139,3.569999933,8993,3037,2647,390,2895,2714,2947,2714,2978,391,142,343,1112,469,885,469,0.258732378,-127,-739,-1560,1432,152,71,37722,14440,24718,334,291,312,47,112,81,103,2401,2832,5845,5185,4336,1509,7,7,7,15,14,10,118,288,180,232,5206,17361,9800,2886,14475,28549,19303,9419,19130,96,3029,2526,2172,857,-890,230,2705,2731,2774,2821,2878,2933,2962,2945,2902,2837,2765,2706,2771,2789,2834,2889,2951,3012,3037,3017,2977,2912,2829,2770,2647,2668,2703,2743,2795,2845,2880,2872,2831,2773,2711,2650,15093,7172,2126,12967,1918
173,Lavin1,44.68,-109.07,Wyoming,49,2781,140,3.460000038,9470,3002,2599,403,2876,2661,2906,2661,2660,521,78,594,1238,261,916,261,0.288152725,-152,-640,-1450,1297,148,104,25581,7588,15302,310,268,289,79,140,111,91,2031,2828,5349,5133,4685,664,7,7,7,15,14,11,156,232,129,179,4696,17320,8548,2278,15042,26455,16693,6184,20271,157,4399,4066,3787,612,-766,251,2656,2674,2726,2774,2826,2879,2923,2916,2855,2783,2708,2652,2725,2743,2793,2843,2898,2954,3002,2998,2937,2857,2773,2718,2599,2609,2656,2701,2752,2803,2843,2837,2787,2724,2656,2599,11732,5262,1601,10131,1736
174,Lavin2,45.67,-111.03,Montana,50,2790,128,3.420000076,8612,3000,2626,374,2828,2684,2905,2684,5350,871,229,461,2294,726,1659,726,0.590918958,57,-362,-1200,1257,164,110,26213,7636,15550,315,271,292,72,138,110,168,3547,2854,5990,5563,5095,895,19,19,19,12,13,11,229,244,134,183,8698,16159,7908,1845,14314,26899,16691,5863,21036,158,2809,2585,2263,546,-436,603,2683,2695,2737,2776,2829,2878,2922,2915,2859,2790,2721,2673,2736,2753,2793,2839,2897,2947,3000,2997,2939,2861,2778,2726,2635,2641,2676,2708,2758,2805,2844,2839,2793,2735,2673,2626,10855,4988,1611,9244,1501
175,Lee1,36.82340833,-116.0163889,Nevada,51,2908,128,3.569999933,8688,3095,2737,358,2798,2950,3021,2798,1319,211,29,433,522,171,246,522,0.095329411,-259,-1074,-1911,1652,NA,8,64420,30981,46170,NA,323,NA,NA,59,NA,52,1290,2836,5004,4250,3618,1386,5,5,5,5,10,23,13,365,265,365,2429,19804,11806,4092,15712,30610,20783,10061,20549,0,3055,2638,2429,625,-1292,NA,2791,2816,2855,2897,2951,3002,3037,3025,2980,2910,2838,2788,2851,2873,2915,2960,3013,3064,3095,3084,3042,2975,2900,2848,2737,2754,2784,2823,2877,2926,2964,2953,2907,2843,2780,2738,27490,13711,4710,22780,1011
176,Lee2,35.3984,-115.7845,California,52,2894,125,3.730000019,7953,3072,2737,335,2796,2928,2998,2796,2332,290,40,419,782,237,618,782,0.175364256,-215,-1099,-2050,1835,NA,8,59361,26269,41111,NA,319,NA,NA,67,NA,88,2292,2840,4510,3975,3399,1111,7,7,7,4,10,23,2,365,253,365,4159,21279,12880,4974,16305,31010,21124,10545,20465,0,4122,3513,3139,983,-1322,NA,2792,2809,2841,2877,2929,2979,3012,3004,2965,2899,2831,2786,2848,2864,2901,2945,2996,3045,3072,3063,3027,2961,2889,2842,2738,2750,2774,2806,2856,2903,2942,2936,2899,2838,2776,2737,24366,12786,5039,19327,1240
177,Lee3,36.5247,-115.8987,Nevada,53,2888,119,3.519999981,8308,3069,2731,338,2784,2927,2997,2784,2828,403,50,462,1006,291,773,1006,0.222422913,-110,-959,-1940,1829,33,3,57236,25396,39257,NA,315,343,NA,73,21,111,2778,2829,4735,4153,3563,1172,7,7,7,4,9,23,6,365,243,323,4967,20280,11865,4105,16175,30740,20531,9668,21072,0,3642,3127,2748,894,-1154,NA,2779,2799,2835,2874,2928,2980,3012,3000,2958,2892,2822,2775,2833,2851,2891,2936,2989,3041,3069,3057,3018,2953,2881,2830,2731,2744,2771,2806,2859,2907,2943,2933,2893,2833,2772,2731,23650,12106,4540,19110,1327
178,Lee4,35.4564,-115.52,California,54,2880,119,3.640000105,7932,3057,2730,327,2979,2915,2984,2782,2860,399,59,443,1038,287,852,904,0.227577686,-82,-973,-1996,1914,35,4,54373,22918,36434,NA,313,341,NA,80,22,116,2801,2828,4641,4041,3364,1277,7,7,7,4,9,23,2,365,234,320,5018,20646,12050,4117,16529,30837,20097,9123,21714,0,4609,3862,3396,1214,-1169,NA,2779,2795,2826,2863,2916,2966,2998,2989,2951,2886,2818,2773,2831,2846,2884,2929,2981,3031,3057,3046,3010,2944,2874,2825,2731,2741,2764,2795,2843,2890,2928,2922,2888,2830,2769,2730,22227,11635,4563,17664,1530
179,Lee5,35.3153,-115.5544,California,55,2879,114,3.559999943,7833,3051,2731,320,2977,2912,2981,2782,3008,429,57,453,1120,298,908,926,0.246245429,-153,-1019,-2010,1857,30,4,53854,22448,35913,NA,313,341,NA,81,22,121,2951,2830,4644,4095,3483,1161,7,7,7,9,9,23,2,365,233,320,5253,20930,12630,4885,16046,30993,20952,10372,20621,0,4566,3916,3573,993,-1225,NA,2779,2794,2825,2861,2913,2963,2995,2986,2950,2886,2818,2773,2830,2845,2881,2925,2976,3026,3051,3041,3007,2942,2872,2824,2732,2742,2765,2795,2844,2892,2930,2926,2891,2833,2771,2731,21450,11358,4570,16880,1561
17,DryLakes1,34.55595,-119.243453,California,56,2867,124,4.75,5230,3015,2753,262,2812,2935,2936,2804,4694,1082,16,971,2845,58,86,2777,0.38985312,616,-646,-1783,2399,NA,259,49610,15832,31360,NA,321,NA,NA,86,NA,222,4636,2835,5359,4977,4639,720,13,13,13,7,8,27,162,365,236,365,7785,17991,10275,3176,14815,30410,20253,9478,20932,0,1963,1772,1511,452,-864,NA,2803,2808,2825,2847,2883,2917,2945,2944,2920,2878,2833,2802,2864,2867,2889,2917,2953,2989,3015,3015,2991,2948,2899,2862,2753,2755,2766,2783,2818,2852,2885,2885,2862,2822,2781,2754,13528,8337,4901,8627,1072
180,Leger1,39.49,-119.84,Nevada,57,2841,127,3.539999962,8104,3046,2688,358,2743,2948,2948,2743,2985,493,57,627,1394,226,226,1394,0.262672484,134,-747,-1750,1883,130,25,40206,15048,25675,NA,297,320,NA,115,74,158,2291,2792,6082,5187,4317,1765,12,12,12,12,13,10,128,365,183,247,5217,18067,9860,2934,15133,29377,19371,8034,21343,0,2456,2179,1979,477,-899,NA,2737,2754,2783,2817,2870,2921,2966,2958,2916,2852,2783,2737,2785,2797,2833,2877,2938,2997,3046,3036,2990,2921,2840,2785,2688,2697,2720,2751,2796,2842,2881,2879,2849,2794,2736,2690,16453,7661,2517,13936,1454
181,Maron1,46.68,-114.03,Montana,58,2818,128,3.349999905,8560,3024,2642,382,2855,2735,2930,2710,3091,411,188,274,1064,631,834,687,0.311858416,41,-611,-1547,1588,159,82,33546,11504,21060,327,283,305,51,121,85,124,2146,2833,5959,5426,4804,1155,7,19,19,15,14,15,156,277,163,221,5385,17393,8587,2068,15325,26513,16041,5466,21047,115,2434,2261,2081,353,-733,394,2709,2727,2769,2809,2857,2900,2948,2943,2886,2819,2749,2695,2755,2779,2824,2870,2922,2969,3024,3024,2965,2888,2797,2742,2657,2670,2708,2739,2782,2825,2866,2862,2813,2758,2702,2642,13484,6204,1918,11566,1048
182,Maron2,46.64,-113.23,Montana,59,2789,127,3.329999924,8746,2996,2613,383,2875,2679,2903,2679,3474,572,168,433,1419,531,1215,531,0.389037699,-3,-524,-1333,1330,144,107,26234,7508,15533,315,271,294,72,137,109,120,2401,2839,6336,5687,5071,1265,19,19,19,15,14,11,185,244,135,186,5981,16480,8035,1867,14613,26482,16222,5629,20853,152,2980,2777,2509,471,-629,432,2678,2694,2736,2777,2831,2875,2920,2915,2859,2793,2720,2664,2728,2750,2791,2837,2896,2943,2996,2996,2938,2862,2771,2717,2628,2637,2674,2710,2758,2802,2840,2837,2789,2737,2671,2613,10800,4898,1378,9422,1397
186,Porensky30,40.63,-105.27,Colorado,60,2791,134,3.799999952,8088,2990,2637,353,2827,2691,2899,2691,5010,811,123,489,1985,503,1668,503,0.528345764,-6,-420,-1003,997,194,106,25686,7000,14929,318,271,294,72,139,111,155,3605,2849,5322,5138,5033,289,19,19,19,12,13,11,212,247,133,184,8229,15912,8239,2070,13842,26067,17620,8029,18038,149,2686,2325,1848,838,-502,409,2689,2698,2736,2775,2827,2879,2914,2904,2857,2794,2729,2686,2756,2768,2808,2850,2901,2954,2990,2978,2938,2873,2797,2748,2638,2639,2669,2706,2758,2808,2844,2838,2795,2739,2680,2637,10479,5200,2169,8310,2114
187,Pyke21,47.61803776,-119.6830115,Washington,61,2832,101,2.660000086,9456,3035,2656,379,2715,2946,2951,2708,2574,399,76,434,1036,296,405,950,0.271141231,254,-608,-1594,1849,80,79,39009,15422,26020,328,289,309,45,104,73,124,1431,2843,7039,5550,4472,2567,7,7,7,12,14,15,160,284,186,237,4556,16998,8146,1311,15688,27531,15971,4438,23093,113,2918,2456,1955,963,-730,523,2701,2733,2786,2835,2885,2925,2966,2962,2909,2834,2754,2691,2728,2767,2828,2886,2943,2988,3035,3030,2972,2886,2788,2717,2664,2689,2734,2773,2821,2862,2898,2898,2853,2790,2719,2656,16047,7208,1370,14677,608
188,Pyke3,44.60456358,-120.1924183,Oregon,62,2833,121,3.599999905,7556,3030,2693,337,2861,2932,2933,2740,3115,393,131,304,1007,432,581,843,0.302420378,55,-573,-1429,1484,116,34,37404,12598,23150,349,291,315,5,115,69,167,2557,2805,6105,5428,4675,1430,7,7,7,12,14,10,135,345,177,247,5422,15765,8215,2498,13266,27532,16321,5461,22071,46,2523,2351,2075,448,-689,125,2737,2753,2789,2820,2862,2902,2950,2947,2900,2837,2773,2731,2782,2805,2845,2882,2928,2974,3030,3029,2983,2911,2824,2775,2697,2705,2734,2758,2798,2833,2873,2871,2832,2784,2734,2693,14090,6729,2397,11693,778
189,Pyke8,46.74830998,-119.361636,Washington,63,2859,117,3.150000095,8977,3065,2693,372,2749,2966,2974,2743,2147,338,47,483,916,200,267,799,0.195402056,148,-743,-1780,1928,99,38,46701,20009,31953,346,298,320,10,86,57,134,1423,2817,6360,5138,4185,2175,7,7,7,15,9,10,122,337,213,264,3852,18413,9168,1762,16651,27918,16295,4642,23276,54,3278,2855,2513,766,-893,179,2736,2765,2815,2863,2912,2951,2989,2981,2927,2854,2782,2728,2777,2816,2870,2924,2978,3021,3065,3057,3000,2917,2828,2765,2697,2715,2754,2795,2842,2881,2915,2910,2863,2803,2743,2693,19387,8971,2207,17180,288
190,Pyle1,42.35,-118.65,Oregon,64,2840,118,3.170000076,8918,3051,2679,372,2739,2955,2959,2729,2217,296,52,401,769,224,273,718,0.206038982,-9,-787,-1771,1762,125,64,40454,16057,26798,341,294,315,34,111,71,112,1447,2816,6089,5050,4009,2080,7,7,7,14,14,10,133,308,184,245,3968,18215,9644,2840,15375,29010,18221,6879,22131,87,3436,3091,2697,739,-946,291,2723,2743,2788,2825,2875,2925,2980,2971,2915,2846,2772,2722,2765,2787,2837,2883,2938,2994,3051,3041,2987,2914,2822,2763,2679,2690,2727,2760,2808,2855,2904,2897,2849,2790,2729,2679,18935,8154,2291,16644,1301
191,Pyle9,43.42,-119.62,Oregon,65,2820,120,3.359999895,8298,3027,2670,357,2725,2927,2930,2717,2922,375,114,342,980,380,453,858,0.290497601,112,-637,-1600,1712,148,82,33666,11443,20975,332,285,307,48,124,85,130,1831,2826,6306,5259,4220,2086,7,7,7,12,14,10,165,285,162,223,5117,17226,8686,2260,14966,28696,17261,5902,22794,111,3685,3301,2878,807,-765,462,2712,2730,2770,2805,2851,2897,2950,2942,2890,2824,2755,2709,2755,2777,2823,2866,2918,2970,3027,3019,2968,2895,2803,2750,2671,2680,2714,2742,2784,2825,2870,2865,2822,2770,2717,2670,15317,6706,1942,13375,1367
192,Pyle10,43.19,-120,Oregon,66,2826,121,3.390000105,8248,3031,2674,357,2813,2933,2935,2724,2336,303,108,303,763,349,403,623,0.228056386,7,-676,-1563,1570,142,71,35299,12388,22230,336,288,310,40,121,81,109,1558,2813,6247,5270,4337,1910,7,7,7,12,14,10,139,297,168,230,4166,16743,8621,2279,14465,28737,17569,6239,22498,98,3208,2862,2466,742,-812,309,2720,2737,2775,2809,2856,2902,2955,2948,2897,2831,2761,2716,2765,2785,2828,2870,2922,2974,3031,3023,2973,2900,2811,2759,2676,2684,2717,2746,2789,2831,2877,2872,2828,2775,2720,2674,15500,6903,2080,13420,1336
195,Pyle17,44.36,-118.93,Oregon,67,2782,122,3.480000019,7725,2986,2637,349,2695,2884,2884,2689,4793,563,159,330,1568,587,807,1410,0.551650405,312,-411,-1460,1772,160,135,22883,5399,12714,313,269,291,75,153,119,131,1805,2851,6056,5432,4542,1514,23,23,23,12,13,11,232,239,117,173,7925,16511,7942,2139,14372,27595,16381,5352,22243,186,3989,3728,3313,676,-497,1177,2689,2701,2732,2762,2810,2852,2902,2899,2852,2788,2719,2678,2732,2748,2781,2822,2878,2928,2986,2986,2938,2863,2770,2725,2649,2655,2678,2702,2746,2783,2825,2824,2785,2737,2678,2637,10635,4848,1640,8995,1385
196,Pyle19,44.57,-119.65,Oregon,68,2842,125,3.5,8132,3047,2689,358,2834,2947,2948,2739,2751,361,101,343,891,341,487,774,0.254878879,50,-630,-1531,1580,112,43,40540,15064,26207,348,295,318,11,107,65,141,2134,2811,6281,5468,4660,1621,7,7,7,12,14,10,125,338,189,254,4843,16487,8494,2330,14158,27529,16455,5708,21821,56,2508,2337,2085,423,-757,158,2734,2754,2797,2831,2875,2916,2966,2961,2913,2847,2778,2730,2780,2808,2855,2895,2942,2989,3047,3045,2997,2924,2831,2776,2690,2702,2739,2768,2809,2847,2889,2885,2841,2790,2737,2689,15527,7226,2294,13233,808
197,Reed1,38.52,-109.47,Utah,69,2867,132,3.289999962,9679,3075,2674,401,2934,2742,2993,2742,2932,374,158,246,986,567,740,567,0.231148645,-101,-831,-1717,1616,110,40,49764,22791,34934,353,303,324,20,88,57,102,2585,2833,5635,4762,3834,1801,7,7,7,15,9,10,64,334,216,268,5133,18770,10675,3097,15673,29852,20051,9614,20238,46,3383,2765,2255,1128,-1000,114,2729,2763,2813,2861,2920,2977,3010,2993,2941,2868,2793,2735,2788,2817,2870,2925,2987,3046,3075,3057,3008,2934,2852,2791,2674,2701,2739,2782,2838,2891,2928,2917,2869,2804,2740,2684,22085,10169,2684,19401,1472
198,Reed3,38.75,-109.79,Utah,70,2869,134,3.309999943,9777,3078,2675,403,2935,2972,2997,2744,2057,295,88,302,741,397,448,427,0.160468206,-152,-933,-1857,1705,113,36,50367,23309,35489,354,302,323,19,84,56,75,1817,2827,5417,4554,3729,1688,5,5,5,15,10,10,56,336,219,268,3701,19601,10988,2931,16670,30241,20040,9238,21003,41,3231,2555,1986,1245,-1121,89,2730,2765,2817,2866,2922,2979,3014,2998,2942,2865,2790,2736,2786,2820,2877,2931,2990,3049,3078,3061,3010,2932,2849,2788,2675,2700,2739,2783,2840,2893,2932,2921,2867,2799,2734,2685,23338,10669,2835,20503,1423
200,Schupp1,39.85,-112.15,Utah,71,2828,120,2.970000029,10112,3047,2643,404,2816,2962,2962,2700,4471,502,217,257,1466,722,722,1106,0.416040957,84,-608,-1634,1717,148,93,38100,15743,25650,329,289,309,57,117,85,152,2793,2863,5831,4952,3913,1918,18,18,18,12,13,15,187,273,173,225,7465,18431,9665,2643,15788,29092,19105,8497,20595,127,2814,2389,1925,889,-732,611,2691,2714,2766,2813,2870,2933,2982,2970,2910,2834,2754,2694,2737,2758,2816,2871,2934,3001,3047,3035,2976,2896,2808,2739,2643,2657,2700,2744,2800,2856,2905,2897,2845,2778,2706,2646,19466,8002,1938,17528,1736
201,Schupp2,40.2,-112.46,Utah,72,2835,106,2.730000019,9810,3048,2659,389,2825,2959,2966,2711,4239,468,255,204,1358,794,796,1052,0.409974545,117,-540,-1394,1511,133,82,39911,16592,26939,334,292,312,51,113,78,161,2783,2857,6108,5080,4079,2029,9,9,18,12,13,10,181,284,180,235,7128,16435,8806,2284,14151,28869,18999,8346,20523,110,2033,1797,1497,536,-651,524,2702,2725,2777,2821,2876,2936,2986,2975,2915,2840,2764,2707,2743,2764,2820,2873,2935,3001,3048,3035,2977,2896,2809,2745,2659,2676,2718,2761,2814,2870,2920,2911,2859,2793,2723,2667,19462,8116,1984,17478,1668
202,Schupp3,38.6,-113.79,Utah,73,2848,120,3.119999886,9505,3052,2669,383,2918,2739,2974,2728,2206,255,135,203,693,426,538,464,0.195227578,-141,-842,-1673,1532,128,56,43175,18494,29460,342,296,317,35,105,71,84,1786,2827,5653,4773,3960,1693,7,7,7,16,14,10,93,308,192,247,3950,18437,10204,2912,15525,29553,19769,9245,20308,71,2878,2463,2068,810,-1012,151,2720,2743,2789,2834,2892,2951,2992,2978,2925,2850,2775,2722,2773,2792,2840,2893,2955,3016,3052,3039,2989,2914,2834,2776,2669,2685,2725,2767,2825,2880,2922,2910,2861,2793,2725,2676,20398,9050,2529,17869,1662
203,Schupp4,38.52,-113.55,Utah,74,2826,119,3.119999886,9484,3031,2651,380,2896,2718,2952,2707,3139,400,178,256,1037,575,865,598,0.297239423,-157,-834,-1662,1505,153,79,36941,14575,24395,330,287,307,53,117,84,116,2307,2841,5401,4519,3596,1805,7,7,7,15,14,15,146,278,171,224,5460,19380,10871,3571,15809,29748,20737,10798,18950,106,3925,3363,2851,1074,-1004,301,2699,2722,2769,2813,2870,2930,2971,2956,2903,2828,2753,2701,2751,2771,2820,2872,2934,2995,3031,3017,2967,2892,2812,2753,2651,2666,2705,2747,2803,2859,2900,2888,2839,2772,2705,2657,18866,8276,2301,16565,2028
204,Schupp5,39.11,-112.74,Utah,75,2862,128,3.230000019,9779,3076,2679,397,2855,2992,2992,2739,2386,298,107,284,770,373,373,543,0.19537881,-122,-921,-1977,1855,115,43,47804,21584,33357,348,299,320,17,92,61,93,1983,2820,5381,4566,3723,1658,7,7,7,15,9,10,74,332,208,260,4248,20799,11102,3016,17783,29888,19609,8629,21259,56,3515,3026,2513,1003,-1106,123,2731,2756,2809,2850,2906,2967,3012,2998,2938,2858,2783,2730,2788,2812,2867,2915,2975,3036,3076,3063,3007,2927,2844,2785,2679,2694,2738,2776,2831,2890,2937,2926,2871,2799,2732,2684,23884,10344,2863,21021,1401
205,Shriver2,48,-114.04,Montana,76,2810,81,2.650000095,7602,2984,2680,304,2834,2912,2912,2718,7257,1016,417,280,2420,1460,1460,1643,0.955492198,529,-105,-1116,1645,119,108,30101,8961,17957,337,283,308,60,133,100,224,4841,2859,6626,5839,5124,1502,10,10,19,12,12,10,331,278,151,209,11146,15589,6869,1071,14518,25909,15010,4200,21709,135,2939,2731,2562,378,-150,976,2715,2719,2751,2791,2836,2876,2922,2930,2883,2821,2760,2719,2735,2752,2791,2836,2889,2930,2978,2984,2929,2855,2777,2732,2684,2680,2707,2742,2781,2823,2869,2883,2842,2788,2732,2691,11233,5272,1900,9333,1078
206,Symstad1,44.59,-104.71,Wyoming,77,2805,119,3.119999886,9419,3023,2642,381,2899,2687,2930,2687,4778,782,149,538,2135,485,1745,485,0.513108909,-99,-549,-1320,1221,164,98,31012,10956,19709,321,278,298,69,127,100,157,3799,2855,5832,5438,4959,873,19,19,19,13,13,15,195,253,152,199,7904,18626,9357,2623,16003,26170,16891,6905,19265,141,4948,4660,4070,878,-658,364,2683,2697,2742,2793,2848,2901,2947,2942,2880,2805,2734,2682,2741,2761,2812,2867,2921,2975,3023,3020,2962,2880,2795,2737,2642,2652,2690,2737,2794,2845,2888,2884,2830,2763,2697,2646,12894,5838,1834,11060,1229
207,Symstad2,43.87,-103.46,South_Dakota,78,2793,113,3.299999952,8393,2991,2650,341,2879,2691,2907,2691,5305,1049,88,666,2598,353,2114,353,0.623212278,-48,-335,-864,816,175,102,26665,7879,15894,319,272,294,74,137,109,180,4313,2853,5536,5381,5206,330,27,27,27,12,13,11,226,246,136,186,8637,15614,7641,1548,14067,24546,16256,7079,17467,147,2661,2386,1980,681,-400,302,2690,2696,2734,2777,2831,2883,2922,2915,2861,2793,2731,2687,2752,2762,2803,2847,2899,2952,2991,2987,2937,2864,2791,2745,2650,2651,2684,2724,2781,2832,2872,2867,2817,2755,2695,2650,10425,5126,2105,8320,1556
208,Symstad3,43.62,-103.47,South_Dakota,79,2802,120,3.339999914,8773,3008,2648,360,2891,2693,2919,2693,5335,1004,98,656,2622,381,2182,381,0.582862079,-124,-428,-975,851,168,94,29351,9566,18110,321,276,297,69,130,102,166,4556,2854,5445,5331,5148,297,27,27,27,12,13,15,203,253,147,196,8678,16926,8594,2384,14542,24793,16315,7027,17766,129,3872,3537,3048,824,-513,270,2691,2700,2742,2789,2843,2894,2935,2928,2872,2801,2735,2689,2755,2770,2815,2864,2915,2966,3008,3003,2953,2877,2798,2747,2648,2652,2688,2732,2789,2839,2880,2874,2823,2759,2696,2650,11487,5560,2132,9355,1393
212,Urza1,40.35,-119.34,Nevada,80,2860,107,2.99000001,8729,3057,2700,357,2759,2972,2975,2751,1752,222,43,389,629,186,234,580,0.158906326,-74,-850,-1798,1724,98,11,47085,19613,31591,NA,303,324,NA,97,56,97,1607,2789,6101,4806,3666,2435,5,5,5,15,10,10,32,365,207,269,3182,18410,9911,2641,15769,29856,19441,7962,21894,0,2890,2320,1731,1158,-1021,NA,2743,2768,2809,2843,2894,2946,2995,2985,2935,2867,2792,2743,2777,2802,2852,2897,2952,3008,3057,3046,2996,2922,2836,2776,2700,2714,2749,2780,2830,2881,2927,2920,2875,2814,2748,2703,21883,9677,2637,19246,1288
213,Urza2,40.84,-119.56,Nevada,81,2842,113,3.049999952,9087,3046,2675,371,2738,2958,2962,2729,2007,256,52,422,750,185,284,691,0.18646194,2,-755,-1678,1680,127,63,41235,16781,27557,341,296,316,34,111,72,103,1264,2815,6298,5027,3926,2372,7,7,7,15,14,10,127,308,186,245,3616,17297,9166,2329,14969,29577,18968,7416,22161,84,2589,2139,1624,965,-908,265,2721,2744,2787,2825,2879,2931,2982,2972,2921,2852,2773,2721,2758,2780,2831,2880,2938,2994,3046,3035,2985,2912,2820,2758,2675,2690,2726,2760,2811,2860,2906,2899,2855,2794,2727,2678,19437,8425,2135,17302,1464
216,Wilcox2,41.31,-105.66,Wyoming,82,2783,132,3.559999943,8593,2994,2622,372,2871,2678,2899,2678,3246,503,96,484,1343,340,1175,340,0.350238532,-176,-634,-1266,1090,174,111,24545,6843,14386,314,269,291,80,143,117,104,2314,2836,5592,5265,4825,767,7,7,7,15,14,11,178,235,127,175,5628,16428,8951,2958,13470,27160,18464,8515,18645,156,5366,4460,3361,2005,-761,305,2676,2685,2726,2764,2819,2877,2916,2904,2854,2787,2719,2672,2736,2749,2790,2833,2891,2953,2994,2981,2935,2863,2780,2728,2623,2626,2662,2698,2750,2802,2839,2832,2789,2733,2669,2622,11030,5054,1747,9283,2209
218,Chynoweth1,39.76604,-109.5635,Utah,83,2827,122,3.069999933,9905,3038,2640,398,2898,2699,2956,2699,3036,410,136,365,1133,442,961,442,0.282701015,-147,-781,-1565,1418,153,79,38011,15395,25489,329,289,308,56,112,82,105,2391,2842,5339,4669,3932,1407,7,7,7,15,14,15,127,274,178,227,5298,18400,10265,3122,15278,29093,19667,9430,19663,114,3659,3206,2844,815,-940,276,2689,2715,2770,2821,2879,2937,2974,2958,2905,2832,2753,2694,2741,2765,2822,2880,2942,3004,3038,3020,2970,2895,2809,2745,2640,2657,2702,2747,2805,2861,2901,2888,2840,2774,2703,2647,18300,8103,2147,16153,1916
219,Chynoweth2,40.29092,-109.68361,Utah,84,2836,138,3.230000019,10326,3062,2635,427,2909,2701,2969,2701,2318,349,134,311,811,445,498,445,0.195364967,-51,-739,-1594,1544,149,73,40978,17549,28145,330,291,310,53,105,76,87,1765,2835,5562,4790,4025,1537,7,7,7,16,14,15,115,278,187,235,4136,17396,9247,2142,15254,29096,18967,8208,20888,98,2526,2048,1597,929,-887,236,2688,2718,2781,2834,2891,2948,2988,2972,2915,2839,2758,2696,2744,2773,2841,2902,2964,3025,3062,3046,2990,2910,2816,2747,2635,2656,2706,2751,2805,2858,2900,2890,2838,2774,2705,2646,19734,8559,2022,17712,1571
221,Chynoweth5,40.480805,-109.438229,Utah,85,2826,132,3.119999886,10302,3050,2627,423,2902,2692,2959,2692,2449,359,138,299,828,451,539,451,0.218819827,-59,-732,-1575,1516,154,82,38165,15780,25822,327,289,308,60,113,84,94,1804,2835,5897,5103,4299,1598,7,7,7,15,14,15,128,268,177,225,4352,17363,9279,2220,15143,28977,19200,8529,20448,117,2292,1818,1369,924,-880,287,2682,2707,2765,2820,2879,2937,2977,2964,2908,2833,2751,2687,2736,2758,2818,2884,2949,3011,3050,3035,2979,2899,2804,2739,2627,2644,2693,2742,2798,2851,2892,2886,2838,2773,2700,2635,17649,7622,1778,15871,1629
222,Chynoweth7,40.533605,-109.523564,Utah,86,2819,132,3.190000057,10020,3041,2627,414,2894,2689,2949,2689,2362,332,135,285,793,427,546,427,0.216398969,-67,-722,-1528,1461,148,84,35947,14161,23850,325,287,306,62,117,89,89,1748,2831,5848,5151,4418,1430,7,7,7,15,14,15,129,264,171,218,4209,16875,9106,2190,14685,28799,19088,8410,20389,119,2135,1708,1294,841,-867,272,2680,2704,2759,2811,2870,2927,2966,2954,2900,2827,2746,2684,2735,2755,2812,2875,2940,3002,3041,3026,2971,2893,2799,2736,2627,2641,2688,2734,2789,2841,2881,2876,2830,2767,2695,2632,16239,7093,1781,14458,1696
223,Chynoweth8,40.640878,-109.48689,Utah,87,2788,131,3.200000048,9926,3010,2600,410,2863,2661,2918,2661,3298,438,174,277,1088,568,802,568,0.339095056,-61,-700,-1559,1497,117,112,27955,9253,17431,313,275,294,79,134,109,113,2106,2844,5912,5186,4423,1489,19,19,19,15,14,17,178,235,142,186,5709,17907,9635,2591,15316,28692,19894,9725,18967,162,2651,2205,1797,854,-841,470,2653,2675,2726,2777,2836,2895,2936,2923,2869,2796,2715,2656,2709,2726,2777,2839,2906,2969,3010,2995,2941,2863,2769,2709,2600,2612,2656,2701,2756,2810,2852,2847,2801,2738,2665,2603,13460,5767,1438,12022,2324
224,GerminoBOP1,43.4720833,-116.2338306,Idaho,88,2850,118,3.190000057,8829,3063,2692,371,2746,2961,2966,2738,3281,477,52,496,1272,239,293,1195,0.296298653,160,-817,-2073,2233,106,54,43420,17655,29088,347,296,318,17,99,63,157,2161,2830,5846,4932,3999,1847,7,7,7,12,13,10,156,331,198,256,5682,21338,10799,2910,18428,28566,17379,6011,22555,71,4277,3894,3478,799,-982,337,2731,2755,2802,2841,2889,2936,2985,2978,2919,2850,2779,2729,2773,2803,2857,2905,2958,3010,3063,3055,2996,2919,2828,2768,2692,2708,2744,2775,2821,2866,2911,2907,2857,2800,2740,2693,19605,8719,2557,17048,925
225,DocEnglishBluffER1,51.9413,-122.2757,British_Columbia,89,2792,118,3.079999924,9229,2987,2602,385,2907,2749,2907,2668,3487,483,137,353,1275,434,1275,719,0.41916737,188,-410,-1020,1208,103,100,28201,8283,16974,315,270,292,67,123,94,135,2308,2843,6567,5657,5073,1494,19,19,19,15,13,11,172,249,148,199,6001,14240,6927,1141,13099,22842,13396,3150,19692,148,4218,3802,3239,978,-492,572,2658,2695,2748,2803,2854,2892,2918,2910,2858,2790,2720,2652,2704,2751,2808,2866,2921,2958,2987,2985,2933,2850,2760,2694,2607,2638,2686,2736,2781,2825,2851,2845,2800,2744,2681,2602,10568,5136,1208,9360,580
22,PagosaSpgs_CO,37.28137,-107.06855,Colorado,90,2784,134,3.720000029,8140,2978,2617,361,2847,2821,2891,2682,6692,706,254,219,2059,1161,1523,1746,0.698983788,325,-311,-1278,1603,202,136,24257,6124,13832,314,271,294,74,143,116,164,3221,2856,5991,5421,4659,1332,19,19,19,12,12,11,244,241,129,179,10019,15240,8522,2319,12921,28995,19722,10144,18851,185,1939,1689,1486,453,-387,1331,2676,2698,2733,2768,2819,2877,2903,2893,2855,2794,2719,2673,2742,2756,2788,2831,2891,2954,2978,2964,2928,2866,2790,2742,2621,2641,2673,2702,2744,2792,2825,2820,2788,2734,2662,2617,9763,4878,1600,8163,2326
237,KlamathMarshNWR1,42.968146,-121.573903,Oregon,91,2809,134,3.920000076,7179,3017,2675,342,2730,2905,2905,2724,6713,1205,164,585,3087,542,625,2873,0.657503366,942,-281,-1490,2431,173,118,29138,8204,16851,333,281,305,40,136,103,144,2779,2845,6301,5589,4835,1466,13,13,23,12,12,11,207,294,146,203,10478,16507,8188,1936,14571,28483,17405,6113,22370,148,2358,2101,1794,564,-415,1579,2722,2735,2759,2785,2832,2876,2923,2917,2874,2815,2753,2716,2767,2782,2811,2849,2905,2959,3017,3013,2970,2897,2803,2761,2680,2684,2703,2722,2760,2794,2828,2823,2790,2754,2713,2675,11522,5491,2037,9485,1382
23,MesaVerde_CO,37.15607,-108.4634,Colorado,92,2825,137,3.49000001,9387,3032,2638,394,2892,2876,2946,2704,3820,448,114,260,1227,623,915,924,0.334978849,-46,-761,-1782,1736,161,87,36602,14165,24099,329,288,308,53,114,85,127,2443,2850,5638,4897,3915,1723,22,22,22,12,13,15,157,277,175,224,6507,18934,10708,3264,15670,29931,20327,10313,19618,121,3719,3111,2652,1067,-918,495,2693,2722,2766,2817,2877,2933,2960,2946,2899,2830,2754,2697,2756,2781,2830,2890,2952,3010,3032,3015,2972,2903,2822,2760,2638,2661,2696,2738,2795,2847,2884,2875,2830,2767,2700,2643,15497,7444,2046,13451,2011
24,IceCaves_NM,35.00007,-108.07323,New_Mexico,93,2815,134,3.799999952,8346,2997,2645,352,2910,2864,2922,2707,3811,759,183,535,1738,601,1519,703,0.352253735,-59,-644,-1440,1381,166,84,32923,10883,20500,330,285,307,53,119,89,124,2845,2846,5239,4686,3792,1447,19,19,19,15,13,15,146,278,167,219,6493,16195,9522,3107,13088,29161,20372,10970,18191,111,3469,2698,1822,1647,-774,370,2697,2724,2762,2809,2865,2918,2932,2915,2883,2823,2755,2699,2765,2791,2833,2885,2940,2992,2997,2976,2951,2896,2828,2766,2645,2665,2694,2733,2787,2838,2867,2854,2820,2760,2702,2649,13446,6887,2319,11127,2397
25,IronCreek_NM,32.90961,-107.8039,New_Mexico,94,2836,125,4.070000172,6980,2999,2691,308,2912,2835,2924,2746,5665,1183,163,706,3039,611,2660,959,0.50346452,15,-550,-1335,1349,127,18,38164,12346,23280,NA,293,320,NA,106,69,160,5309,2837,5392,4732,3933,1459,10,10,10,13,13,10,31,365,188,252,9123,16386,10074,3477,12909,28558,20757,11955,16603,0,2089,1591,1126,963,-660,NA,2740,2759,2789,2832,2883,2928,2929,2916,2891,2840,2782,2739,2804,2823,2859,2906,2954,2999,2991,2975,2954,2906,2849,2803,2691,2702,2724,2760,2808,2855,2871,2863,2836,2785,2732,2692,13838,7381,3274,10564,2488
26,GilaSpgs_NM,33.23028,-108.25768,New_Mexico,95,2856,133,4.329999924,6661,3016,2709,307,2929,2898,2939,2769,4261,889,128,684,2215,455,1888,817,0.345762759,-40,-667,-1448,1408,93,4,45583,15982,28455,NA,307,335,NA,93,48,129,4261,2841,5511,4976,4381,1130,10,10,10,4,9,23,7,365,215,288,7160,16287,10114,3641,12646,28432,20569,11974,16458,0,1493,1131,735,758,-802,NA,2763,2780,2809,2852,2900,2941,2944,2932,2912,2866,2809,2764,2831,2846,2881,2928,2974,3016,3013,2997,2979,2935,2879,2831,2709,2720,2743,2777,2822,2863,2880,2874,2852,2806,2756,2713,14009,7949,3693,10316,1782
37,ClevelandNF1,32.867867,-116.46128,California,96,2854,131,4.460000038,5918,3028,2734,294,2792,2907,2933,2784,4991,1004,32,813,2703,209,370,2590,0.406396955,329,-800,-1881,2210,NA,197,44731,13895,26503,NA,309,351,NA,110,6,231,4959,2819,4816,4265,3624,1192,13,13,13,7,8,23,162,365,200,346,8203,19692,12063,4872,14820,30709,21453,11545,19164,0,3010,2518,2028,982,-1019,NA,2784,2787,2804,2828,2868,2910,2943,2942,2915,2865,2816,2782,2839,2844,2870,2902,2951,2999,3028,3022,2991,2932,2876,2837,2735,2736,2747,2765,2797,2833,2871,2875,2852,2808,2765,2734,15435,8953,4756,10679,1645
40,ClarkIsland1,48.68,-122.795,Washington,97,2830,24,2.130000114,3181,2891,2778,113,2796,2869,2873,2791,9757,1586,257,493,4154,1065,1085,3409,NA,1317,164,-1015,2332,NA,NA,35997,4995,17747,NA,297,NA,NA,127,NA,365,9757,2830,6593,6277,6060,533,13,13,13,7,12,8,NA,365,171,365,13930,12627,6214,2255,10372,22709,11664,1927,20782,0,3504,2775,2109,1395,-106,NA,2791,2794,2805,2818,2838,2856,2873,2878,2868,2840,2809,2789,2804,2810,2821,2834,2852,2869,2885,2891,2880,2852,2822,2801,2780,2781,2792,2806,2827,2847,2864,2870,2858,2830,2799,2778,6464,4639,3184,3280,162
43,FinelyNWR1,44.396573,-123.321829,Oregon,98,2847,109,4.139999866,5070,3009,2746,263,2789,2915,2915,2785,15487,2857,128,703,7718,695,695,7093,1.563330889,2488,440,-1511,3999,NA,228,42084,11035,23966,NA,301,342,NA,105,13,327,15487,2840,7268,6326,5491,1777,13,13,13,7,11,9,222,365,197,330,15446,16371,8063,2073,14298,25537,14110,4061,21476,0,3109,2828,2556,554,-291,NA,2783,2794,2815,2833,2863,2891,2922,2923,2899,2850,2808,2777,2822,2841,2865,2889,2922,2957,3005,3009,2980,2914,2847,2813,2749,2751,2768,2780,2807,2831,2852,2855,2838,2805,2774,2746,9965,5528,2326,7639,86
44,FrazierMt1,34.774768,-118.969192,California,99,2794,131,4.409999847,6218,2969,2671,298,2729,2877,2877,2722,4484,975,25,889,2589,87,87,2420,0.456957966,349,-792,-1893,2242,196,136,23666,4764,12476,334,272,301,60,149,118,112,889,2836,4697,4296,3998,699,13,13,23,12,12,17,213,275,124,184,7484,19179,11562,5291,13888,31223,22290,12174,19049,165,5241,4602,3598,1642,-999,1426,2721,2725,2742,2766,2812,2857,2890,2885,2853,2803,2751,2719,2778,2782,2808,2841,2890,2938,2969,2964,2931,2877,2818,2777,2671,2673,2684,2703,2744,2784,2819,2816,2789,2743,2699,2671,10805,5994,3123,7682,2223
45,RockyPrairie1,46.91135,-122.85905,Washington,100,2840,82,3.579999924,4712,2980,2751,229,2788,2903,2903,2783,13931,2301,188,613,6461,930,930,5672,1.705813885,2033,446,-1199,3232,NA,266,39831,9326,21728,NA,297,340,NA,109,12,360,13931,2840,6870,6342,5803,1067,13,13,13,7,11,9,260,365,189,329,14821,13824,6746,1457,12367,22599,12681,3346,19253,0,2854,2495,2191,663,-153,NA,2783,2790,2809,2829,2858,2884,2909,2912,2887,2843,2804,2776,2808,2824,2848,2876,2908,2937,2975,2980,2947,2888,2830,2799,2755,2755,2769,2786,2814,2840,2862,2866,2848,2813,2778,2751,8584,5117,2619,5965,94
61,Pyle 022-1,49.45603169,-114.409728,Alberta,101,2767,102,2.950000048,8366,2958,2614,344,2807,2662,2877,2662,8463,1186,555,263,2848,1750,2406,1750,1.178537965,508,-34,-924,1432,107,145,20787,4330,11189,305,260,284,86,152,120,158,3902,2847,6792,5940,5316,1476,19,20,20,17,17,11,302,220,109,165,8718,15470,7206,1167,14303,25195,14992,4284,20911,204,3600,3288,2867,734,-92,1751,2660,2676,2716,2760,2808,2854,2891,2886,2834,2771,2699,2650,2700,2725,2766,2811,2866,2915,2958,2957,2900,2822,2737,2687,2623,2635,2670,2708,2750,2796,2830,2826,2781,2729,2663,2614,8556,3982,1099,7457,1467
62,Pyle 021-1,49.582467,-114.2063567,Alberta,102,2777,109,3.140000105,8314,2969,2623,346,2862,2672,2886,2672,5750,955,312,391,2224,952,1901,952,0.75173831,162,-253,-1066,1228,118,124,23117,5367,12883,311,264,288,80,143,112,184,3497,2849,6363,5779,5335,1028,19,19,19,12,13,11,307,232,122,177,9236,15433,7195,1599,13833,24418,13909,3438,20980,177,5232,4591,3781,1451,-302,837,2669,2685,2725,2773,2822,2864,2900,2894,2842,2781,2712,2662,2717,2742,2782,2831,2884,2927,2969,2968,2912,2837,2752,2704,2629,2640,2676,2717,2760,2805,2837,2832,2788,2739,2676,2623,9014,4353,1374,7640,1245
78,Mancillas01,32.368,-106.56,New_Mexico,103,2876,132,4,7574,3043,2713,330,2957,2837,2970,2777,3309,707,81,700,1724,325,1563,534,0.251537859,-23,-699,-1447,1424,77,6,52887,21928,35430,NA,311,337,NA,74,32,89,3309,2866,4964,4319,3529,1435,7,7,7,4,9,23,9,365,238,306,5726,16625,9660,2598,14027,28667,19397,9438,19229,0,2880,2177,1711,1170,-838,NA,2768,2797,2834,2879,2930,2974,2975,2962,2934,2880,2813,2766,2836,2866,2907,2954,3001,3043,3036,3021,2997,2946,2882,2831,2713,2731,2760,2800,2851,2898,2913,2906,2875,2819,2756,2714,18917,10415,4217,14700,1788
112,AAFC2,49.94,-119.51,British_Columbia,104,2822,87,2.769999981,7738,2990,2675,315,2734,2772,2920,2722,4347,487,262,214,1366,859,880,1232,0.55190289,301,-449,-1296,1597,134,85,33998,10954,20906,339,290,313,44,120,84,198,2876,2851,6767,5794,5083,1684,10,10,19,12,13,10,210,296,171,230,7286,15736,7980,1704,14032,24719,15277,4769,19950,108,2731,2628,2497,234,-539,582,2715,2734,2771,2810,2857,2893,2929,2936,2895,2834,2768,2718,2743,2773,2812,2857,2909,2945,2985,2990,2944,2870,2789,2737,2675,2686,2716,2751,2802,2841,2878,2890,2855,2799,2734,2681,11614,5765,1819,9795,620
152,Davies03,42.68,-118.68,Oregon,105,2771,112,3.069999933,8713,2980,2616,364,2757,2884,2886,2663,5556,688,153,391,1871,563,762,1617,0.671673119,393,-415,-1639,2032,113,147,21879,5442,12341,308,265,287,88,156,124,127,1545,2857,5887,5156,3964,1923,23,23,23,17,17,11,239,221,110,164,8977,17895,8599,2368,15527,29280,18016,6906,22374,202,4892,4456,3967,925,-515,1553,2659,2676,2717,2753,2802,2852,2907,2900,2846,2779,2704,2655,2694,2714,2762,2809,2865,2921,2980,2972,2918,2844,2751,2692,2619,2629,2662,2693,2739,2783,2832,2828,2783,2730,2665,2616,12283,5048,1478,10805,2139
193,Pyle12,43.24,-120.4,Oregon,106,2824,123,3.460000038,8120,3030,2675,355,2812,2930,2931,2724,2381,301,107,303,747,355,404,683,0.231990188,22,-698,-1630,1653,144,72,34624,11866,21601,335,287,309,40,123,82,113,1540,2814,6291,5302,4352,1939,7,7,7,12,14,10,147,296,165,228,4240,17440,8878,2345,15095,28606,17438,6208,22398,100,3442,3052,2654,788,-838,332,2720,2737,2774,2807,2854,2899,2951,2944,2894,2829,2760,2715,2765,2786,2828,2869,2921,2973,3030,3023,2973,2901,2810,2758,2676,2684,2716,2744,2786,2827,2871,2867,2824,2773,2720,2675,15083,6758,2049,13034,1313
194,Pyle15,43.8,-119,Oregon,107,2793,121,3.339999914,8222,3005,2643,362,2700,2900,2902,2692,4779,647,147,369,1676,538,738,1555,0.518088758,449,-380,-1434,1883,141,124,26371,7402,15418,318,274,296,68,142,110,134,2074,2854,6354,5351,4225,2129,23,23,23,12,13,11,218,251,133,187,7905,16184,7605,1496,14687,28472,16933,5696,22776,169,2515,2240,2043,472,-468,1080,2688,2704,2742,2776,2824,2869,2921,2915,2864,2799,2729,2683,2729,2748,2791,2837,2893,2945,3005,2998,2947,2871,2775,2724,2647,2657,2690,2716,2757,2795,2838,2835,2796,2748,2692,2643,12777,5527,1567,11210,1615
214,Urza3,41.6,-120.2,California,108,2820,116,3.24000001,8468,3022,2664,358,2726,2930,2931,2717,4770,724,68,515,1922,307,439,1744,0.478507459,476,-530,-1767,2243,158,102,33670,11908,21278,331,288,309,49,126,96,145,2174,2855,6720,5576,4549,2171,13,13,23,12,13,10,203,283,163,214,7892,18337,9124,2110,16227,29180,17984,6293,22887,131,2619,2432,2256,364,-648,962,2713,2729,2760,2796,2852,2901,2950,2943,2896,2831,2756,2708,2754,2769,2804,2850,2912,2967,3022,3017,2971,2900,2806,2750,2668,2676,2700,2734,2786,2832,2878,2872,2830,2777,2713,2664,14387,6350,1712,12675,1517
215,Wilcox1,41.32,-105.54,Wyoming,109,2782,130,3.5,8592,2992,2622,370,2869,2677,2898,2677,3176,502,86,511,1345,307,1171,307,0.347885102,-171,-623,-1251,1081,169,110,24300,6716,14214,313,269,290,81,144,118,104,2300,2833,5556,5258,4852,704,7,7,7,15,14,11,177,233,126,173,5518,16249,8783,2782,13467,27019,18392,8492,18527,155,4936,4095,3076,1860,-748,281,2675,2685,2725,2763,2818,2875,2915,2904,2853,2786,2717,2671,2734,2748,2788,2831,2888,2950,2992,2980,2932,2861,2778,2726,2623,2627,2663,2698,2751,2803,2841,2834,2789,2732,2669,2622,10924,5023,1757,9167,2262
220,Chynoweth3,39.83576,-109.61202,Utah,110,2849,128,3.150000095,9981,3062,2656,406,2920,2720,2979,2720,2371,297,111,335,874,367,699,367,0.201508731,-122,-753,-1481,1360,130,63,44493,19663,30926,338,297,316,43,97,69,74,2004,2844,5448,4701,3967,1481,7,7,7,16,14,10,80,296,201,248,4224,16736,9440,2593,14143,29155,19548,9099,20056,88,2548,2187,1947,601,-905,177,2708,2737,2795,2846,2902,2959,2997,2981,2927,2853,2774,2714,2763,2789,2850,2907,2968,3028,3062,3045,2994,2919,2832,2767,2656,2676,2723,2768,2825,2880,2920,2907,2857,2791,2722,2665,20904,9304,2420,18484,1637
226,SteelheadPP1,50.7532,-120.8696,British_Columbia,111,2820,106,2.910000086,8929,3015,2651,364,2912,2773,2934,2704,2955,366,150,244,962,490,909,657,0.329546213,100,-593,-1396,1495,92,80,35120,12605,22527,328,284,306,51,112,81,135,2084,2838,6694,5744,5105,1589,7,7,7,15,14,15,152,278,173,226,5169,16806,8315,1759,15046,23159,13415,2975,20184,113,3720,3397,3166,554,-711,400,2692,2725,2772,2822,2876,2915,2945,2941,2890,2820,2751,2694,2724,2768,2818,2878,2940,2979,3015,3014,2958,2871,2780,2716,2651,2676,2715,2757,2805,2848,2877,2878,2837,2778,2715,2655,12575,6041,1583,10992,462
227,NorthThompsonPP1,51.626117,-120.082572,British_Columbia,112,2809,100,2.789999962,8775,2996,2640,356,2899,2767,2922,2696,4588,541,239,231,1403,766,1398,1074,0.557424247,384,-223,-846,1230,89,91,31972,10475,19802,321,279,299,52,120,84,180,3009,2856,6568,5835,5400,1168,19,19,19,13,13,15,208,270,160,216,7633,13126,5952,505,12620,22422,12679,2447,19975,132,1287,1201,1111,176,-266,691,2687,2722,2770,2810,2859,2905,2932,2928,2879,2807,2734,2679,2719,2762,2811,2857,2918,2965,2995,2996,2942,2855,2767,2706,2649,2676,2719,2751,2791,2844,2870,2869,2826,2766,2698,2640,10745,5381,1445,9300,552
228,HaynesLease1,49.095,-119.525,British_Columbia,113,2835,101,2.880000114,8556,3022,2670,352,2731,2940,2944,2726,3583,418,179,262,1153,616,840,1034,0.384941012,123,-728,-1765,1888,120,68,38739,14566,25181,334,290,312,30,107,71,164,2461,2845,6434,5554,4831,1603,9,10,19,12,13,10,172,305,184,242,6148,19951,10162,2829,17122,25255,15259,4667,20588,97,5309,5138,4999,310,-875,470,2720,2748,2788,2830,2882,2920,2958,2955,2906,2836,2763,2710,2747,2780,2821,2875,2936,2978,3022,3021,2968,2884,2791,2735,2678,2700,2734,2765,2809,2851,2885,2887,2846,2791,2725,2670,14333,6815,1877,12456,322
240,MarbleCanyon1,50.838,-121.709,British_Columbia,114,2776,104,3,8136,2958,2612,346,2858,2734,2881,2674,4239,443,216,233,1283,659,1248,1010,0.57479912,320,-309,-975,1294,116,124,22377,4908,12254,307,263,285,73,144,113,163,2376,2848,6872,5819,5171,1701,19,19,19,13,13,11,243,235,120,173,7128,13934,6520,969,12964,22920,12971,2558,20362,180,3011,2843,2627,384,-371,892,2668,2697,2734,2771,2820,2862,2893,2889,2841,2774,2703,2656,2702,2738,2775,2818,2879,2922,2957,2958,2909,2826,2741,2688,2626,2649,2680,2712,2752,2800,2829,2828,2786,2731,2661,2612,8899,4319,1115,7784,1130
251,Dubois1,43.528122,-109.588172,Wyoming,115,2767,121,3.480000019,7961,2963,2616,347,2799,2669,2873,2669,2135,365,63,519,897,208,692,208,0.26209566,-190,-702,-1411,1222,142,117,19909,3984,10566,306,260,285,88,158,127,81,1505,2815,5940,5418,4900,1040,7,7,7,19,19,17,165,219,103,159,3831,16303,8747,2574,13728,27994,18672,7838,20156,170,4601,4133,3564,1037,-842,231,2668,2680,2718,2751,2797,2848,2889,2882,2835,2773,2701,2660,2717,2733,2768,2803,2857,2917,2963,2957,2910,2837,2757,2709,2623,2628,2658,2688,2731,2775,2811,2808,2771,2718,2652,2616,9169,4319,1467,7702,2127
252,LincolnNF1,32.827545,-105.66178,New_Mexico,116,2821,112,3.859999895,6871,2976,2686,290,2896,2780,2908,2733,6476,1279,209,664,3292,761,3147,1005,0.636864066,9,-517,-1312,1321,134,64,33223,9606,19708,344,286,312,27,114,81,215,5472,2847,5623,4852,4258,1365,10,10,19,12,13,10,146,318,173,232,10179,17066,10404,3882,13184,27683,19935,11456,16227,84,3554,2746,1811,1743,-621,312,2726,2745,2775,2819,2870,2912,2911,2900,2876,2827,2768,2727,2785,2804,2841,2887,2934,2976,2969,2957,2935,2888,2829,2785,2686,2698,2721,2758,2807,2848,2857,2851,2826,2779,2726,2689,11380,6440,3033,8347,2540
253,ArkansasValley_CO,38.8157,-106.08334,Colorado,117,2766,155,4.170000076,8005,2959,2586,373,2862,2663,2868,2663,2400,428,86,504,1016,302,998,302,0.259660929,-134,-670,-1283,1149,222,117,20182,3516,10510,308,261,287,87,151,122,79,1625,2825,5850,5436,5109,741,19,20,20,19,19,11,162,222,111,166,4272,14844,8624,2418,12426,28493,20040,10153,18340,170,2671,2332,1766,906,-805,291,2658,2676,2717,2757,2807,2855,2880,2870,2836,2779,2704,2655,2745,2758,2790,2829,2883,2936,2959,2946,2918,2861,2789,2741,2586,2599,2636,2680,2728,2766,2796,2794,2763,2717,2638,2587,7877,4163,1436,6441,2542
254,ChacoCanyon_NM,36.01613,-107.92401,New_Mexico,118,2850,126,3.519999981,8704,3038,2681,357,2952,2899,2963,2739,2449,399,128,428,1033,439,891,448,0.207440108,-187,-877,-1704,1518,117,43,43726,17889,29289,349,298,320,20,99,64,79,2149,2837,5413,4679,3794,1619,7,7,7,16,14,10,64,330,200,257,4352,18345,10751,3448,14897,30167,20729,10522,19645,58,3803,3017,2398,1406,-1054,124,2729,2757,2798,2844,2900,2954,2975,2960,2921,2853,2782,2731,2789,2818,2863,2914,2970,3022,3038,3021,2985,2921,2847,2789,2681,2701,2733,2771,2826,2878,2909,2898,2858,2795,2734,2686,17062,8836,2806,14256,1912
255,Jemez_NM,35.75782,-106.70213,New_Mexico,119,2837,124,3.74000001,7959,3013,2681,332,2929,2883,2939,2734,3797,616,209,416,1565,673,1395,737,0.338050187,-47,-662,-1394,1346,125,56,39027,14216,25063,346,294,318,25,107,72,134,3170,2839,5397,4985,4389,1008,10,10,19,15,14,10,120,322,188,247,6472,16082,9692,3184,12899,28477,20087,10896,17581,71,2047,1643,1225,823,-798,220,2727,2748,2786,2831,2885,2932,2948,2936,2904,2844,2778,2728,2788,2808,2851,2902,2957,3005,3013,2999,2969,2912,2842,2788,2681,2695,2726,2762,2813,2857,2883,2876,2845,2789,2732,2685,13217,7355,2758,10459,2116
256,ElPrado_NM,36.44828,-105.58631,New_Mexico,120,2808,131,3.700000048,8059,2990,2635,355,2902,2703,2910,2703,4458,699,233,401,1785,734,1678,734,0.431731105,-57,-530,-1162,1105,164,94,30689,9331,18613,330,284,306,60,124,95,139,3302,2851,5492,5098,4585,907,19,19,19,13,13,11,168,271,161,212,7447,14682,8909,3085,11597,28232,20214,10867,17365,127,2428,1979,1460,968,-638,434,2694,2714,2754,2799,2855,2902,2919,2909,2878,2821,2753,2701,2765,2779,2818,2869,2926,2975,2990,2978,2948,2892,2820,2768,2635,2652,2693,2732,2783,2827,2850,2846,2816,2764,2704,2649,10710,5970,2134,8576,2157
259,Marysville1,49.630897,-115.96087,British_Columbia,121,2799,114,3.130000114,8638,2992,2629,363,2885,2753,2911,2688,5091,720,289,290,1672,922,1489,1300,0.596248865,439,-288,-1123,1562,120,107,28940,8716,17409,318,275,296,62,128,95,170,2933,2862,6381,5674,5109,1272,19,19,19,13,13,11,229,257,148,202,8342,15207,6966,756,14450,24596,14368,3756,20840,151,1465,1345,1208,258,-347,940,2684,2707,2754,2797,2844,2887,2925,2921,2868,2799,2729,2674,2729,2759,2804,2852,2904,2949,2992,2992,2937,2855,2767,2715,2638,2654,2702,2737,2775,2818,2850,2849,2803,2749,2689,2629,11024,5217,1463,9561,1002
261,Lasky3,36.06511333,-112.1212283,Arizona,122,2829,134,3.74000001,8582,3022,2663,359,2932,2873,2941,2720,4018,559,92,368,1279,483,1015,1225,0.351600766,125,-652,-1820,1945,155,82,36884,13703,23830,337,290,312,44,115,82,135,2429,2850,5061,4560,3747,1314,12,13,23,12,13,10,160,294,176,231,6802,19081,9759,2758,16323,29006,16936,5661,23345,108,6494,5380,4458,2036,-791,564,2712,2734,2772,2817,2874,2929,2953,2940,2902,2835,2766,2714,2774,2795,2838,2889,2947,3002,3022,3006,2971,2908,2835,2777,2663,2677,2704,2740,2794,2845,2878,2869,2831,2771,2713,2669,15104,7804,2686,12418,1751
272,SumnerRd1,46.698,-116.812,Idaho,123,2822,110,3.25999999,7788,3012,2676,336,2731,2922,2924,2725,5281,675,173,357,1863,598,763,1658,0.567485988,374,-457,-1671,2044,137,82,33914,10956,20864,334,284,307,38,118,77,186,2979,2849,6387,5518,4572,1815,13,13,23,12,13,10,207,297,167,231,8604,18438,8814,2072,16366,27184,15396,4451,22733,111,3553,3204,2924,628,-560,797,2722,2738,2779,2816,2856,2894,2940,2938,2887,2821,2757,2714,2753,2781,2829,2871,2915,2956,3010,3012,2960,2884,2795,2744,2681,2690,2722,2753,2793,2830,2868,2868,2825,2771,2719,2676,13297,6237,1983,11314,800
294,BoiseHigh,43.208482,-116.995198,Idaho,124,2813,110,2.950000048,8946,3025,2653,372,2803,2928,2931,2701,4458,558,122,405,1495,431,594,1413,0.472018689,262,-587,-1742,2004,129,101,32747,11405,20633,326,283,304,58,126,92,149,2246,2860,5893,5025,4019,1874,22,23,23,12,13,15,209,269,158,213,7447,18755,9438,2627,16128,28356,17371,6314,22042,139,4357,3879,3472,885,-706,907,2695,2715,2761,2800,2849,2897,2952,2945,2887,2819,2745,2693,2734,2758,2809,2857,2911,2967,3025,3017,2958,2883,2793,2732,2653,2667,2707,2742,2790,2836,2887,2882,2832,2772,2705,2654,16046,6859,1929,14117,1460
295,Arcata1,40.876563,-123.997177,California,125,2846,69,5.070000172,2229,2925,2789,136,2822,2876,2876,2818,14967,3246,62,812,7764,361,361,7572,1.96213901,2867,371,-1464,4332,NA,NA,41989,6761,23739,NA,324,NA,NA,79,NA,365,14967,2847,6632,6439,6295,337,13,13,13,7,11,8,NA,365,246,365,15357,15260,8328,2396,12863,28118,16990,5859,22259,0,1937,1691,1352,585,-291,NA,2816,2824,2831,2837,2851,2862,2873,2877,2877,2860,2835,2814,2851,2859,2865,2872,2886,2899,2915,2920,2925,2904,2868,2847,2789,2793,2799,2805,2818,2829,2838,2843,2842,2828,2809,2790,6113,4872,4050,2063,63
39,Comox1,49.739722,-124.924412,British_Columbia,126,2839,56,2.730000019,5146,2962,2756,206,2784,2908,2908,2778,15408,2522,370,606,7284,1349,1349,6346,2.32096529,2185,501,-1110,3296,NA,NA,39358,9840,21437,NA,295,338,NA,112,45,365,15408,2839,6933,6256,5662,1271,10,10,13,7,11,9,NA,365,184,294,14732,14603,7364,2303,12299,21858,11799,2397,19461,0,4620,3973,3370,1250,-127,NA,2777,2782,2799,2825,2860,2890,2916,2917,2886,2841,2800,2775,2790,2803,2825,2859,2899,2930,2960,2962,2926,2867,2814,2786,2757,2759,2772,2792,2824,2857,2882,2885,2860,2820,2781,2756,9227,5286,2584,6643,16
42,SuciaIsland1,48.750956,-122.89384,Washington,127,2830,27,2.200000048,3411,2898,2775,123,2794,2873,2876,2789,7967,1238,222,478,3360,898,927,2812,NA,727,-219,-1251,1978,NA,NA,36154,5427,17904,NA,296,NA,NA,125,NA,365,7967,2831,6142,5933,5785,357,13,13,13,7,12,9,NA,365,172,365,11983,14644,8597,4479,10165,24116,13248,3066,21050,0,6064,4839,3662,2402,NA,NA,2788,2792,2804,2819,2840,2859,2877,2882,2870,2839,2808,2786,2802,2809,2821,2836,2857,2875,2893,2898,2885,2853,2821,2799,2777,2779,2790,2805,2828,2849,2866,2871,2858,2829,2797,2775,7141,5096,3541,3600,-3