"site_code","bioclim_1","bioclim_2","bioclim_3","bioclim_4","bioclim_5","bioclim_6","bioclim_7","bioclim_8","bioclim_9","bioclim_10","bioclim_11","bioclim_12","bioclim_13","bioclim_14","bioclim_15","bioclim_16","bioclim_17","bioclim_18","bioclim_19","NewSiteCode","PopNum","Latitude","Longitude","ibs_id","genotype","SNPmatrix_column"
"AAFC10",5.36381443424793,11.2525777221604,34.3563538427596,805.470407667606,24.2457849462366,-8.50675268817204,32.7525376344086,-3.64025896057348,15.00277520908,15.2963696535245,-4.33803348164627,512.205,59.3426666666667,28.2956666666667,27.587198801129,172.661333333333,93.2843333333333,118.975,150.049333333333,"AAFC10",118,49.71,-120.05,6,7,9
"AAFC2",8.12006749290805,10.1766718178929,31.4485045349994,829.649192082084,26.9705053763441,-5.38929032258065,32.3597956989247,-1.03898906810036,3.45666178764177,18.4626033452808,-1.89757130674294,483.371,55.4796666666667,27.1883333333333,26.0912334856086,158.370333333333,89.66,114.720666666667,139.223333333333,"AAFC2",112,49.94,-119.51,104,151,107
"AAFC4",4.16396461279729,12.8017762001872,37.230804798599,796.980363070982,23.5993333333333,-10.7855698924731,34.3849032258065,-4.90263578255675,-0.163723388715268,13.8913790322581,-5.57234328118839,439.417,51.2143333333333,24.2593333333333,26.8532126423343,143.878666666667,78.5863333333333,104.105,120.409333333333,"AAFC4",113,50.08,-120.65,1,1,4
"AAFC5",4.0805930084353,12.6133362936331,36.840918815135,796.577690697553,23.4918602150538,-10.7454408602151,34.2373010752688,-4.96825848267622,-0.252216377250443,13.8046833333333,-5.65507575598402,479.480333333333,55.4726666666667,27.9386666666667,25.5695056566647,152.958,86.405,119.535666666667,127.798,"AAFC5",114,50.09,-120.45,2,2,5
"AAFC6",7.48694238417466,11.9935233868025,34.8636185464783,835.035378870688,26.963440860215,-7.43781720430108,34.4012580645161,-2.06518697729988,3.14476953669862,17.6885894862605,-2.77452807381512,359.440666666667,43.8473333333333,17.8336666666667,29.5067971176692,122.659333333333,61.3916666666667,82.8646666666667,100.900666666667,"AAFC6",115,50.09,-120.75,3,3,6
"AAFC8",6.50524202836338,11.9590600353273,35.45901536925,814.917400410236,25.8286989247312,-7.8977311827957,33.7264301075269,-2.79713285543608,16.1069554958184,16.4178740143369,-3.49549078738281,479.577,61.5373333333333,24.7746666666667,31.9924940905071,177.572,84.2356666666667,96.8133333333333,151.788,"AAFC8",116,49.57,-120.55,4,5,7
"AAFC9",7.12812154223387,10.4040822761622,32.3881454646299,814.391879048341,25.8612688172043,-6.26184946236559,32.1231182795699,-1.87691063321386,2.49697368386979,17.2590465352449,-2.6342193268829,451.609666666667,55.477,26.8863333333333,26.7172830407165,139.393666666667,85.0746666666667,114.545333333333,122.680333333333,"AAFC9",117,49.62,-119.8,5,6,8
"Adler11",10.0309892351363,15.7037119688396,40.2461275926645,861.596202200658,31.8387311827957,-7.18045627240143,39.0191874551971,8.95403464755078,21.0723636200717,21.0723636200717,-0.245423107244381,362.449666666667,39.565,15.617,22.9496280290718,111.396333333333,61.1316666666667,61.1316666666667,98.426,"Adler11",122,38.83,-112.05,9,152,12
"Adler13",5.55866202486155,15.5301503883651,38.4336932438781,911.753907069706,28.3167741935484,-12.0908709677419,40.4076451612903,9.48588888888889,16.8771675029869,16.8771675029869,-5.72827507857054,320.232333333333,42.66,14.631,24.4333322274953,101.544666666667,64.3323333333333,64.3323333333333,70.895,"Adler13",123,41.44,-111.08,10,14,13
"Adler14",4.52325592950133,13.8396962246411,36.2434255083609,887.548981600558,26.0626129032258,-12.1227849462366,38.1853978494624,-6.25014497972468,15.6913920549582,15.6913920549582,-6.25014497972468,540.324333333333,61.4156666666667,15.6956666666667,32.4396398668171,171.391333333333,72.4263333333333,72.4263333333333,171.391333333333,"Adler14",124,41.81,-111.25,11,153,14
"Adler16",4.70319623398426,16.1051419097351,37.821268235565,959.93047880676,28.366247311828,-14.2159892473118,42.5822365591398,8.99181917562724,-7.14193907839987,16.6888287335723,-7.14193907839987,198.407,33.076,10.8953333333333,38.0539279381737,72.779,33.8493333333333,46.239,33.8493333333333,"Adler16",125,41.78,-110.2,12,16,15
"Adler17",5.5591606636342,15.3143853190052,37.6071640950502,932.643914405471,28.2846344086022,-12.4373548387097,40.7219892473118,9.58543841099164,-5.7916728771239,17.3236205495818,-5.7916728771239,214.861,31.6103333333333,9.05633333333333,34.7549449464887,75.1636666666667,31.7426666666667,53.9586666666667,31.7426666666667,"Adler17",126,41.44,-110.11,13,17,16
"Adler18",10.1341174432865,14.8324862530236,35.5459937192014,964.261622945565,33.6861397849462,-8.04144946236559,41.7275892473118,9.442,22.4691790919952,22.4691790919952,-1.38721469519337,177.132,26.495,7.445,35.7519118632897,64.8586666666667,27.99,27.99,42.3626666666667,"Adler18",127,40.86,-114.22,14,18,17
"Adler2",12.5058107964243,10.7880522502222,28.3382190947617,987.498215697923,34.0537096774194,-4.01520430107527,38.0689139784946,11.6005501792115,24.5096768219833,25.1790842293907,0.710671501109404,436.100666666667,63.0823333333333,13.8636666666667,35.8849890155504,145.584333333333,59.4596666666667,61.485,129.004666666667,"Adler2",119,41.05,-112.25,7,154,10
"Adler5",10.8625481283584,11.8347266463031,31.8892736043004,919.035455611194,31.9270215053763,-5.18491397849462,37.111935483871,9.81029611708483,22.6285834528076,22.6285834528076,-0.0924238545473807,618.289,85.546,16.9666666666667,39.5458974082578,224.994666666667,71.002,71.002,177.931666666667,"Adler5",121,40.79,-111.87,8,9,11
"Arcata1",12.9537469189752,9.94114968115661,52.3673825645407,346.708139094952,23.4661397849462,4.48266344086022,18.983476344086,8.96550822548275,17.4663878733572,17.4663878733572,8.96550822548275,1244.841,245.473333333333,4.01966666666667,81.5005026575369,631.622333333333,29.2773333333333,29.2773333333333,631.622333333333,"Arcata1",295,40.876563,-123.997177,125,155,128
"ArkansasValley_CO",6.26797089524074,17.3661310271995,43.2684242887604,835.005247721619,27.5617096774194,-12.5740967741935,40.1358064516129,16.0164875746714,-2.62224271206691,16.8221079450418,-3.8941056066117,280.005,43.794,11.248,47.0010564529485,112.766666666667,37.271,105.944333333333,37.292,"ArkansasValley_CO",253,38.8157,-106.08334,117,156,120
"Barnett1",4.02094565919805,15.4280033666155,38.0289142150858,899.90072934926,26.9364731182796,-13.6326666666667,40.5691397849462,-5.88839844683393,14.6612234169654,15.0806345280765,-7.12047710036431,636.383666666667,73.6513333333333,26.142,27.7114049645368,211.472,98.463,105.873333333333,207.51,"Barnett1",128,43.48,-110.74,15,19,18
"Baughman2",9.35233231349795,15.1501036696418,40.1033198495226,802.135553060603,31.8519569892473,-5.92572258064516,37.7776795698925,8.08974050179211,19.5521677419355,19.6171381123059,0.105998788041975,368.269666666667,51.4216666666667,4.80866666666667,50.413924849394,132.991333333333,21.4913333333333,38.727,117.706666666667,"Baughman2",129,43.05,-118.87,16,21,19
"Baughman3",9.09635399801219,14.6398681714986,39.6365400868229,790.280184149894,31.089,-5.84628279569892,36.9352827956989,7.58968954599761,19.2705975507766,19.2727401433692,0.123484271618671,439.454,57.9,5.209,50.8045868380399,156.993333333333,24.687,44.4893333333333,143.700666666667,"Baughman3",130,42.81,-118.96,17,20,20
"Baughman5",7.63755633033618,14.3770801301122,41.2188582221073,728.209238972192,28.4766451612903,-6.40321505376344,34.8798602150538,5.92749002389486,17.1105913381123,17.1105913381123,-0.50534361533391,395.088666666667,50.2746666666667,5.55366666666667,49.9733330869726,142.857666666667,26.303,26.303,135.514333333333,"Baughman5",131,42.72,-120.08,18,157,21
"Blumenthal4",3.73604694623215,15.5181945926838,40.6392522111258,834.022218905087,25.2685483870968,-12.916688172043,38.1852365591398,7.35387813620072,-6.39177685067477,14.2057124253286,-6.39177685067477,397.402,45.5396666666667,25.5316666666667,19.0554867487439,123.471,80.339,99.6503333333333,80.339,"Blumenthal4",133,40.7,-106.24,19,158,22
"Blumenthal7",4.00162382692262,13.7332217707359,37.3412155751567,846.164355843209,25.0616559139785,-11.7159946236559,36.7776505376344,2.84771009557945,14.822217562724,14.822217562724,-6.06586741632384,599.647666666667,80.3543333333333,23.7196666666667,33.2106771803126,212.568,86.3233333333333,86.3233333333333,157.415666666667,"Blumenthal7",135,41.54,-106.39,20,159,23
"Board1",8.27684404732478,13.6311398711678,38.4924524763913,785.982587739735,28.0094623655914,-7.40303799283154,35.4125003584229,6.67131481481482,18.1634495818399,18.5202162485066,-0.718091134476285,268.784,38.907,10.715,37.1620375138024,99.5473333333333,36.3206666666667,39.237,77.3393333333333,"Board1",138,38.84,-117.57,21,27,24
"BoiseHigh",8.03408062544509,12.6360351105873,35.7782140169874,817.070905725963,28.8751075268817,-6.44257240143369,35.3176799283154,-0.695627001194743,18.4634545400239,18.5477915770609,-1.31684727121846,464.769,61.7063333333333,6.05866666666667,48.2189953241754,165.526333333333,30.8813333333333,49.1606666666667,160.792333333333,"BoiseHigh",294,43.208482,-116.995198,124,160,127
"Bradford1",7.69815836574,16.7225420871074,46.4788572445166,732.06038717064,26.9680322580645,-9.01078279569892,35.9788150537634,16.529338172043,10.6417480286738,17.0838363201912,-0.95948159080342,573.617333333333,92.0493333333333,9.42233333333333,46.8799479928374,217.958333333333,58.4973333333333,178.964333333333,166.405,"Bradford1",139,35.23,-111.62,22,28,25
"ChacoCanyon_NM",10.6521948912592,17.9235781851234,43.6402178064417,885.36285477149,32.3534193548387,-8.71781971326165,41.0712390681004,20.9210561529271,14.843308004779,21.7897117084827,-0.129235787412233,209.164333333333,31.075,9.93466666666667,41.4718543304998,88.9293333333333,35.4333333333333,71.0633333333333,41.9363333333333,"ChacoCanyon_NM",254,36.01613,-107.92401,118,161,121
"Chambers1",12.3733771078315,14.4066410236094,39.1204723662134,818.0468799959,33.4721612903226,-3.35418602150538,36.826347311828,2.90872844327324,22.6120826762246,22.8990734169654,2.90872844327324,239.666666666667,40.103,6.234,54.7446205838198,108.555666666667,20.0863333333333,27.289,108.555666666667,"Chambers1",140,39.55,-119.58,23,29,26
"Chambers2",11.4215786415388,17.3770549339066,41.9567884268105,861.022838913503,34.8464623655914,-6.57008924731183,41.4165516129032,1.32850674058772,21.9072013739546,22.453508781362,1.32850674058772,155.252,22.126,2.492,45.5359141526252,54.74,11.4723333333333,17.4313333333333,54.74,"Chambers2",141,39.95,-118.76,24,30,27
"Chambers4",10.4084822660466,16.2985802072114,40.9195258123806,840.268036099502,33.755064516129,-6.07574946236559,39.8308139784946,1.26789390681004,20.932145041816,21.2169783751493,0.648066160960739,319.305,47.674,3.47266666666667,52.702186170186,120.349,19.229,24.511,118.402333333333,"Chambers4",142,41.31,-117.63,25,32,28
"Chambers5",9.55214524787977,15.0987843750552,39.7441586873772,819.200672640924,31.8406559139785,-6.14928996415771,37.9899458781362,0.753074850657109,19.9189478494624,20.0844552568698,0.105449928197704,381.655,57.5906666666667,3.492,54.5500776811445,146.814666666667,20.6783333333333,28.328,145.74,"Chambers5",143,41.54,-117.75,26,33,29
"Chambers6",10.1802476996045,16.0052371159019,40.8154204544191,830.640020582403,33.2171182795699,-5.99658315412186,39.2137014336918,1.14939444444444,20.6112071684588,20.8248405017921,0.519704597701149,340.742,50.9983333333333,3.054,53.7296239365754,130.407,18.943,26.2023333333333,128.486333333333,"Chambers6",144,41.54,-117.78,27,34,30
"Chambers7",10.3744565161688,15.0263574716322,38.2384379035847,883.59242450185,33.7840107526882,-5.5124623655914,39.2964731182796,0.38183614097969,21.2068664874552,21.4151127837515,-0.208067065551965,508.148666666667,84.2986666666667,6.04566666666667,59.2171578689217,220.392,27.938,37.7496666666667,211.316,"Chambers7",145,43.94,-116.19,28,35,31
"Chambers8",8.78024284331209,14.7523644924402,38.6161312406722,840.5815988849,31.0112903225806,-7.19130537634409,38.2025956989247,7.75739868578256,19.2469419354839,19.5128289725209,-1.13224314288068,370.982,50.463,7.34533333333333,44.7699816609284,129.337666666667,35.428,45.3893333333333,118.113333333333,"Chambers8",146,42.24,-114.57,29,36,32
"Chambers9",10.4724220184023,16.438264801499,40.4028757753981,870.516225031482,34.1395483870968,-6.54632974910394,40.6858781362007,9.33461583034648,21.2672770011947,21.6801788530466,0.268968599296102,246.697333333333,37.2903333333333,4.50966666666667,47.1868812311926,91.6896666666667,21.3376666666667,25.8273333333333,79.2913333333333,"Chambers9",147,40.66,-116.73,30,37,33
"Chynoweth1",8.7174037131204,14.5744914724473,34.9795287728125,973.204131089614,31.0960752688172,-10.5696989247312,41.6657741935484,15.5697001792115,20.8605272401434,20.8605272401434,-3.40113030880873,283.095666666667,37.456,14.854,29.5466197857932,95.5066666666667,54.5093333333333,54.5093333333333,60.57,"Chynoweth1",218,39.76604,-109.5635,83,26,86
"Chynoweth2",8.60638357533503,16.718305234873,35.6930400249765,1067.3045432681,33.1191935483871,-13.7199247311828,46.8391182795699,15.8706931899642,21.4741353046595,21.4741353046595,-5.24511593760851,229.276333333333,31.9406666666667,11.8863333333333,34.5293392495725,81.44,43.973,43.973,44.1746666666667,"Chynoweth2",219,40.29092,-109.68361,84,96,87
"Chynoweth3",9.87949530003943,16.1913967990595,35.953133001591,1031.79280297881,33.7610107526882,-11.2737204301075,45.0347311827957,16.992924432497,-1.97994253285544,22.5115103345281,-3.26897387750057,226.17,30.996,11.4376666666667,34.559185754529,79.954,40.536,45.748,41.405,"Chynoweth3",220,39.83576,-109.61202,110,97,113
"Chynoweth5",8.27395500975511,15.8223927834278,35.4220821416612,1026.89104452548,32.0797311827957,-12.5884301075269,44.6681612903226,15.3609215053763,-3.47216117084827,20.8587157706093,-4.82073826444433,253.874333333333,34.7176666666667,15.324,30.7109202672866,86.716,49.2806666666667,51.99,49.947,"Chynoweth5",221,40.480805,-109.438229,85,98,88
"Chynoweth7",7.98449297021676,15.5366086092131,35.5813865456741,1002.71342482687,31.3391397849462,-12.3258494623656,43.6649892473118,14.9783952807646,-3.40802909199522,20.3332738351254,-4.7158486687148,267.621,35.9393333333333,15.8283333333333,30.471927945063,91.6766666666667,50.4243333333333,55.2716666666667,51.9576666666667,"Chynoweth7",222,40.533605,-109.523564,86,99,89
"Chynoweth8",5.39329842226224,14.6367067294054,36.9876540367194,894.095569233997,26.8762043010753,-12.6956666666667,39.5718709677419,11.8292710274791,-4.36815764635603,16.6727688769415,-5.52822160366309,409.511333333333,48.955,25.5253333333333,25.2456264682757,128.928666666667,79.8156666666667,85.5776666666667,82.5223333333333,"Chynoweth8",223,40.640878,-109.48689,87,100,90
"ClarkIsland1",10.8864092445089,8.0764855773758,39.8855821958866,463.913519902487,22.5987741935484,2.34963870967742,20.249135483871,5.93764641577061,16.6597780167264,16.6597780167264,5.43087532929004,806.316333333333,123.310666666667,20.9306666666667,50.762337804662,341.367,79.507,79.507,290.236,"ClarkIsland1",40,48.68,-122.795,97,162,100
"ClevelandNF1",11.9496097274088,14.996833048699,49.1535506629727,604.837906999425,29.8741720430108,-0.636000358422939,30.5101724014337,6.01565736841641,19.7311256272401,20.0224515531661,5.3969619084403,642.993666666667,143.469666666667,4.12133333333333,89.5674247462539,364.991333333333,23.453,32.5963333333333,360.522,"ClevelandNF1",37,32.867867,-116.46128,96,163,99
"Comox1",10.1046074478698,8.1843806029333,35.9640323864496,558.530342534671,23.6701612903226,0.913034072249589,22.757127218073,4.35089235364397,17.2849169653525,17.2849169653525,3.8028162908817,1339.79266666667,216.116,27.5843333333333,62.893988737142,634.275333333333,115.461,115.461,545.852666666667,"Comox1",39,49.739722,-124.924412,126,164,129
"Copeland1",9.55952345459535,13.7876091029274,36.3924339824544,870.869835103137,31.8802150537634,-6.00570681003584,37.8859218637993,8.89600286738351,20.2697079450418,20.6182246117085,-0.704834915190894,357.557666666667,49.007,6.62966666666667,44.5612792860507,122.238,29.9533333333333,45.5916666666667,114.435333333333,"Copeland1",148,43.7,-117.33,31,38,34
"Copeland10",6.82684043480852,12.1181669710172,36.9033006102886,744.30744365288,26.3830860215054,-6.4545376344086,32.837623655914,4.85380107526882,16.6529455794504,16.6529455794504,-1.37466215562853,641.625333333333,84.6973333333333,7.77666666666667,52.4372800197812,230.410333333333,34.0306666666667,34.0306666666667,223.575,"Copeland10",151,42.77,-118.74,34,165,37
"Copeland5",9.99201020938903,14.341506583888,38.6341308864199,816.645354597622,31.9448602150538,-5.17647849462366,37.1213387096774,8.49517066905615,20.4430426523297,20.497988948626,0.655330443290899,292.578333333333,40.9573333333333,4.17666666666667,49.5668342633823,103.503,18.429,32.9243333333333,97.504,"Copeland5",149,42.27,-118.71,32,39,35
"Copeland9",7.78048238191612,15.0471580079424,40.6963661687493,776.0664240513,29.8510430107527,-7.1231623655914,36.9742053763441,-0.533105615292712,17.7310498805257,17.7310498805257,-1.15712339945619,305.58,41.29,5.379,47.9514651114389,110.554,21.501,21.501,104.626666666667,"Copeland9",150,43.47,-119.68,33,40,36
"Davies03",5.34017823868084,10.5719024645255,34.995512819426,712.372905112128,23.272935483871,-6.93637311827957,30.2093086021505,3.10731296296296,14.8786728195938,14.8786728195938,-2.34376040250484,763.166666666667,101.729333333333,8.99166666666667,53.2447255209433,273.068666666667,39.726,39.726,272.356333333333,"Davies03",152,42.68,-118.68,105,103,108
"Downs1",12.1007908475614,12.8142856601397,36.6629759394564,836.035916664067,32.6390107526882,-2.31255913978495,34.9515698924731,2.55223655913979,22.0366805854241,22.5079083632019,2.03960879048443,204.011666666667,30.2413333333333,4.08966666666667,47.5105103760752,83.6513333333333,15.7183333333333,24.8963333333333,78.6493333333333,"Downs1",153,46.38145,-119.430272,35,42,38
"Downs2",10.0789753120384,13.2707776295384,38.148699681009,798.959078674807,30.6459139784946,-4.14105842293907,34.7869724014337,0.959421266427718,19.7216272998805,20.0307532258065,0.54822890645691,321.264,48.5483333333333,7.36533333333333,46.6020143726654,126.426,26.1643333333333,38.4896666666667,119.710333333333,"Downs2",154,46.25045,-119.53334,36,43,39
"Downs3",8.22670809236159,11.4526369077782,35.878110233549,750.554938731937,27.4379032258065,-4.4830559139785,31.920959139785,0.119360334528076,17.7421543010753,17.7421543010753,-0.434309566037514,520.588,96.68,4.833,68.0725776572908,251.794,26.964,26.964,241.897666666667,"Downs3",155,45.9663,-120.3671,37,44,40
"Downs4",8.36141689174774,12.1926617510785,37.6737067858902,755.787570618458,27.3957311827957,-4.96811827956989,32.3638494623656,-0.0744135005973713,17.6647831541219,17.7999387096774,-0.543438765147636,456.401,83.9996666666667,5.978,64.8074244468318,220.559333333333,28.2426666666667,34.9403333333333,201.745666666667,"Downs4",156,46.73598,-120.82735,38,166,41
"DryLakes1",13.3375255364573,16.715117272425,54.8929517235959,508.172688945202,30.3791290322581,-0.0712598566308244,30.4503888888889,8.3217563871674,19.7134297491039,20.0500797491039,7.69569969660587,653.222333333333,165.087,0.257666666666667,107.37533228395,419.438333333333,4.742,6.23566666666667,411.816,"DryLakes1",17,34.55595,-119.243453,56,167,59
"Dubois1",4.52668844810666,15.5996394782415,41.1145832635878,806.343770415118,26.1194731182796,-11.8223913978495,37.941864516129,7.92152765830347,-5.09834710363072,14.7647737156511,-5.09834710363072,341.937,56.627,18.0433333333333,38.5248968725147,131.216333333333,61.318,71.389,61.318,"Dubois1",251,43.528122,-109.588172,115,168,118
"ElPrado_NM",8.40206925375638,17.978420387291,45.713384535581,804.492759440334,28.9498494623656,-10.3787204301075,39.3285698924731,17.6269299283154,-1.58269891090041,18.3596799283154,-1.58269891090041,377.111,55.8563333333333,18.9146666666667,37.3389470694233,146.331333333333,65.2183333333333,128.356,65.2183333333333,"ElPrado_NM",256,36.44828,-105.58631,120,169,123
"Eshleman1",6.8906751048343,14.5242208850516,34.5664694057521,996.565272073595,30.3214193548387,-11.6968172043011,42.0182365591398,11.2657615292712,-3.94208661887694,19.5049477897252,-5.28650406094956,256.472666666667,55.5416666666667,7.45866666666667,59.632858387597,118.003,29.438,59.0653333333333,30.5206666666667,"Eshleman1",157,42.9,-107.71,39,170,42
"FinelyNWR1",11.7259449702344,11.7839725563677,44.062396265079,547.062475409156,28.2763225806452,1.53249211469534,26.7438304659498,5.89725322580645,18.4959967741935,18.8520171445639,5.49187563959956,1349.68233333333,246.006333333333,8.64366666666667,72.5565071980886,664.046666666667,55.4566666666667,60.078,614.373,"FinelyNWR1",43,44.396573,-123.321829,98,171,101
"Fleishman1",8.11996144753724,15.6122620396855,45.3799837305895,692.892236024559,27.7815161290323,-6.62189426523297,34.4034103942652,0.226326315835938,16.9566860215054,17.0736193548387,0.226326315835938,557.775333333333,101.548666666667,7.352,75.0413219087432,278.547666666667,26.4423333333333,27.2883333333333,278.547666666667,"Fleishman1",158,38.47,-119.49,40,45,43
"Fleishman3",6.04356143720095,14.000347605879,41.3921702247108,727.487559924013,25.3621397849462,-8.46152186379928,33.8236616487455,-0.871720917862881,15.3561952210275,15.5511396654719,-2.00254594773146,246.078333333333,41.4096666666667,4.588,54.0282848390504,100.067,21.1556666666667,26.4693333333333,99.4736666666667,"Fleishman3",159,38.58,-118.83,41,172,44
"Fleishman5",7.27341532166105,13.4697728552742,38.6808812709393,768.606416546448,26.8276344086022,-7.9951835125448,34.822817921147,5.51652186379928,17.0563451612903,17.3088155316607,-1.45382419722678,340.286666666667,44.9776666666667,12.5383333333333,39.3565092018536,127.232333333333,41.6603333333333,45.0773333333333,101.908666666667,"Fleishman5",160,39.12,-117.27,42,46,45
"Fleishman7",6.71099540954529,12.9704747577408,38.2544016344496,751.359490460482,25.7419892473118,-8.16384695340502,33.9058362007168,4.89610800477897,16.3350154121864,16.5479191158901,-1.75122391737439,364.203,49.275,11.1506666666667,41.3351731329428,139.06,41.8993333333333,46.521,107.491,"Fleishman7",161,39.17,-117.44,43,47,46
"FrazierMt1",8.83865887041598,14.5699506434987,44.2872881656888,694.230172858307,28.4774731182796,-4.42124623655914,32.8987193548387,2.13956720209404,17.8595309438471,18.0227309438471,1.39951152706417,465.764,117.813666666667,1.28166666666667,103.709834355227,295.888333333333,6.93533333333333,7.26966666666667,287.230666666667,"FrazierMt1",44,34.774768,-118.969192,99,173,102
"GerminoBOP1",11.0776846753595,13.6968348407402,36.2492331251006,874.316261921822,33.2396451612903,-4.54552616487455,37.7851713261649,1.24991379928315,21.8257687574671,22.123983572282,0.694591449347011,370.024666666667,55.4586666666667,4.65866666666667,51.816167840478,141.084666666667,22.548,33.795,135.229,"GerminoBOP1",224,43.4720833,-116.2338306,88,104,91
"Getts1",8.70813099556532,15.5489194622479,42.9488852301243,737.102202930135,30.2507096774194,-5.95260358422939,36.2033132616487,1.08704581839904,18.2062329749104,18.2062329749104,0.380358151914826,479.236666666667,69.8813333333333,5.89633333333333,56.3821823988221,179.21,22.4843333333333,22.4843333333333,177.728,"Getts1",162,41.17,-120.5,44,48,47
"Getts3",9.83412047807381,16.1614722743083,44.1111130141777,746.350146285232,31.4569892473118,-5.18110752688172,36.6380967741935,1.19495413451748,19.2470113500597,19.2608724611708,1.19495413451748,594.803666666667,103.346,3.105,76.977475807341,300.784,15.3176666666667,24.2423333333333,300.784,"Getts3",163,40.43,-120.67,45,49,48
"Getts4",4.80033901575678,10.2756648097386,35.1874730000075,686.072275530697,22.345064516129,-6.85755770609319,29.2026222222222,-2.52265373386655,14.0826173237754,14.0826173237754,-2.52265373386655,936.980666666666,140.584666666667,9.262,60.3230667555643,365.010666666667,37.9596666666667,37.9596666666667,365.010666666667,"Getts4",164,41.71,-120.28,46,174,49
"GilaSpgs_NM",12.5145502447605,18.8974332081207,51.4635568699098,708.863595641038,31.4743,-5.245729390681,36.720029390681,20.7062879330944,15.8718906212664,21.4520860812425,3.97956746649717,404.809666666667,79.23,9.45533333333333,66.1689195065406,203.635333333333,40.4883333333333,173.505666666667,85.254,"GilaSpgs_NM",26,33.23028,-108.25768,95,175,98
"HaynesLease1",10.1480096581813,11.7414378588643,33.8512836713454,870.476814572895,30.5978387096774,-4.08751612903226,34.6853548387097,14.6299515531661,20.2847495221027,20.9018698924731,-0.464512562017762,342.559666666667,45.4213333333333,14.9563333333333,32.581294004187,109.196666666667,55.0826666666667,83.1336666666667,94.8533333333333,"HaynesLease1",228,49.095,-119.525,113,176,116
"Holdrege1",7.19396564767731,13.8390495128332,35.8571745099218,899.584579527356,29.2731612903226,-9.32176344086022,38.5949247311828,6.3166004181601,18.5021593787336,18.5021593787336,-3.78804732565873,505.378,57.772,14.8403333333333,35.8019047652422,171.743333333333,61.0173333333333,61.0173333333333,151.848666666667,"Holdrege1",165,41.61,-111.57,47,51,50
"Hufft1",10.2829253207194,15.017184957051,37.3663861287145,918.066501416552,31.9528387096774,-8.23618279569892,40.1890215053763,16.5848004778973,19.3646147550777,21.8763871565114,-0.942312874828587,346.702333333333,37.057,14.4203333333333,19.4212241739239,103.357333333333,72.178,72.2003333333333,86.1086666666667,"Hufft1",166,38.6701,-108.3286,48,52,51
"IceCaves_NM",8.26829827082267,16.9030946293206,45.5434253709796,777.96172234077,27.5940537634409,-9.52018279569893,37.1142365591398,17.2181084826762,12.005638172043,18.0408066308244,-1.15761599675713,378.703,67.7513333333333,11.584,55.3365611825485,173.289666666667,48.7373333333333,146.112,80.6266666666667,"IceCaves_NM",24,35.00007,-108.07323,93,177,96
"IronCreek_NM",11.6315670245011,13.8654431005056,43.4505882963817,692.337247027523,28.1613777777778,-3.74945161290323,31.910829390681,19.180766427718,11.1026375746714,20.2313534647551,3.18644061891225,497.896333333333,104.382666666667,8.667,76.0051918595488,271.878,39.5506666666667,231.569,97.988,"IronCreek_NM",25,32.90961,-107.8039,94,178,97
"Jemez_NM",11.017143064163,17.4995020544579,44.3931479323957,842.175303566637,31.6753333333333,-7.74404301075269,39.419376344086,20.6742503584229,15.1700319593787,21.5649910991637,0.743542686759539,393.903,59.9243333333333,16.6366666666667,41.3430181899136,158.281333333333,60.3443333333333,135.667333333333,85.291,"Jemez_NM",255,35.75782,-106.70213,119,179,122
"KlamathMarshNWR1",7.55318509017221,16.0273518216154,45.6895417701812,680.167285439439,28.9427096774194,-6.13610967741935,35.0788193548387,0.349436200716846,16.3376684587814,16.3376684587814,-0.167140523421085,559.956666666667,111.144333333333,4.02933333333333,74.3414241199825,279.364,21.4526666666667,21.4526666666667,275.610666666667,"KlamathMarshNWR1",237,42.968146,-121.573903,91,180,94
"Lasky3",9.83436845076246,16.1401708684252,44.0455125717798,777.303223884009,29.9618924731183,-6.68241003584229,36.6443025089606,2.24972446015855,12.9981719235364,19.781569474313,0.621314304841947,439.442,56.8223333333333,8.33366666666667,41.6727888111035,153.872666666667,47.6396666666667,110.607,143.75,"Lasky3",261,36.06511333,-112.1212283,122,181,125
"Lavin1",6.40617588634638,13.720365391146,35.672123037439,897.195277779403,27.6793010752688,-10.7831290322581,38.4624301075269,10.2898329151732,-4.41318534350336,17.7951241338112,-4.41318534350336,316.470666666667,62.5136666666667,9.23533333333333,58.508662291631,143.315,33.143,92.686,33.143,"Lavin1",173,44.68,-109.07,49,59,52
"Lavin2",6.76111688641406,14.2666069523162,37.772125892508,846.365677498436,28.4858494623656,-9.28434910394265,37.7701985663082,10.2510691158901,-3.37418944359106,17.4223209080048,-3.37418944359106,496.808,79.1393333333333,22.517,46.8811448310307,216.842333333333,73.0586666666667,139.610666666667,73.0586666666667,"Lavin2",174,45.67,-111.03,50,60,53
"Lee1",16.7103639076855,16.1849185265374,41.3390448579201,855.18549812276,37.759311827957,-1.39233906810036,39.1516508960573,8.67977241688296,20.3116975507766,27.592610692951,6.62050091150661,133.366666666667,26.4066666666667,3.003,54.8878127218429,61.401,17.5436666666667,20.278,58.707,"Lee1",175,36.82340833,-116.0163889,51,61,54
"Lee2",16.4853095534942,13.3188560154287,38.4156355301171,813.865542001339,35.1497741935484,0.479370250896058,34.6704039426523,8.66871867992655,19.565932078853,26.8978,7.00312483285367,200.14,42.0686666666667,0.454,66.4582277338564,97.962,13.1433333333333,30.6323333333333,95.73,"Lee2",176,35.3984,-115.7845,52,62,55
"Lee3",14.8987405354127,15.3219418513222,41.4282720051165,816.36118918352,34.9247634408602,-2.05950143369176,36.984264874552,7.08395718346664,18.154424432497,25.3839943847073,5.3820838859756,220.003,44.491,3.113,62.0675626602109,105.462,22.0373333333333,31.9043333333333,101.544333333333,"Lee3",177,36.5247,-115.8987,53,63,56
"Lee4",15.2335178516988,12.627364306019,38.0395578723836,790.266613089371,33.4065268817204,0.2111770609319,33.1953498207885,7.5562289934142,18.09015,25.377345041816,6.07744936378457,226.441,47.133,0.875333333333333,64.6939564776678,106.615,16.412,41.7953333333333,105.222666666667,"Lee4",178,35.4564,-115.52,54,64,57
"Lee5",14.8516478496463,12.1538413914491,37.6770565099143,774.285246736498,32.5461290322581,0.288191397849462,32.2579376344086,7.30380704972015,17.5533739545998,24.7991748506571,5.91775591471417,226.839,46.3146666666667,2.37933333333333,62.8070960219388,108.137333333333,18.2426666666667,37.2633333333333,104.602,"Lee5",179,35.3153,-115.5544,55,182,58
"Leger1",11.071168200043,15.8628243689343,43.0708059145503,767.368483384362,32.5155913978495,-4.3140523297491,36.8296437275986,2.191114078547,20.7238278375149,20.8988037634409,2.191114078547,308.124666666667,54.288,5.64266666666667,68.7560982810711,157.059666666667,19.4206666666667,24.4016666666667,157.059666666667,"Leger1",180,39.49,-119.84,57,65,60
"LincolnNF1",9.28621882603245,13.9991508900248,45.4225376568456,645.053153054824,25.1372,-5.68263440860215,30.8198344086022,16.3096287933094,8.82650794504182,17.2370862007168,1.34582948573076,602.062666666667,119.300333333333,17.6753333333333,69.9436120613991,315.620666666667,65.681,279.497666666667,99.9046666666667,"LincolnNF1",252,32.827545,-105.66178,116,183,119
"Mancillas01",13.7169322788107,15.1194981994986,44.3793618057273,730.361441831128,30.8492222222222,-3.2195376344086,34.0687598566308,21.6754831541219,13.4956228793309,22.6807850059737,4.6772888523992,396.022,84.3576666666667,9.98233333333333,72.069605284802,211.449333333333,37.3026666666667,185.126333333333,65.6336666666667,"Mancillas01",78,32.368,-106.56,103,150,106
"Maron1",7.74983941243504,14.0874237110164,37.5200241083071,846.363163835385,30.1107419354839,-7.43567240143369,37.5464143369176,11.5412759856631,17.9619570489845,18.3972181600956,-2.34728088072579,395.925666666667,55.1463333333333,22.5426666666667,28.1633680461611,136.302666666667,72.667,101.054333333333,92.4136666666667,"Maron1",181,46.68,-114.03,58,66,61
"Maron2",6.13247892878478,14.9060158360112,39.7105815981074,821.212048086894,28.2909462365591,-9.24568817204301,37.5366344086022,9.5934752688172,16.1459952807646,16.4290249103943,-3.69670961341526,404.582333333333,57.1016666666667,19.0183333333333,34.4935762259269,146.917,67.311,95.6066666666667,91.3173333333333,"Maron2",182,46.64,-113.23,59,67,62
"Marysville1",6.20810309360489,11.7690027153922,32.7245649385201,889.097335976328,26.6255591397849,-9.33825806451613,35.9638172043011,14.8552650537634,12.2653088410992,17.130655734767,-4.71856432808941,469.568,60.702,25.6506666666667,25.4986474636202,146.376666666667,93.2173333333333,123.111,114.743333333333,"Marysville1",259,49.630897,-115.96087,121,184,124
"MesaVerde_CO",10.2308494155396,14.8747926381311,39.0099413209604,870.950358374687,31.0538494623656,-7.0769247311828,38.1307741935484,16.4925201911589,14.0979980286738,21.2536486260454,-0.339488239872639,383.830333333333,43.3613333333333,9.85933333333333,28.3156325804659,120.930333333333,60.8773333333333,89.0296666666667,108.816,"MesaVerde_CO",23,37.15607,-108.4634,92,185,95
"PagosaSpgs_CO",7.09962950625622,17.0419495841941,43.3547597963936,821.893591988796,28.1011505376344,-11.2069892473118,39.3081397849462,13.2107383512545,10.6695472520908,17.3698005376344,-2.97470174797394,623.538666666667,71.0553333333333,19.0436666666667,27.2314074291322,191.913666666667,93.667,147.570333333333,177.951333333333,"PagosaSpgs_CO",22,37.28137,-107.06855,90,186,93
"Porensky30",7.55439203516841,14.1994305961651,39.2323070686221,817.809255534157,27.558376344086,-8.63483189964158,36.1932082437276,10.750545041816,-2.02532702061668,18.1584078853047,-2.02532702061668,525.040666666667,83.972,15.5503333333333,49.9812690605194,209.525666666667,51.2113333333333,166.625666666667,51.2113333333333,"Porensky30",186,40.63,-105.27,60,71,63
"Pyke21",9.73925446678702,11.9610540388056,33.2808966036576,902.858771866101,30.584623655914,-5.3550752688172,35.9396989247312,-0.603942712066906,20.5371149342891,20.8156075268817,-1.21726014957831,279.617333333333,49.5026666666667,6.08533333333333,52.8199113487092,120.802333333333,23.0293333333333,34.6553333333333,112.329,"Pyke21",187,47.61803776,-119.6830115,61,74,64
"Pyke3",10.2787130256796,14.3570441352384,41.9425077778472,712.443623860371,30.9865483870968,-3.24374659498208,34.2302949820789,2.72867186379928,19.4397614097969,19.4397614097969,2.11404063318443,345.947,43.7813333333333,7.92033333333333,45.2452953610031,125.385333333333,26.8246666666667,26.8246666666667,114.997333333333,"Pyke3",188,44.60456358,-120.1924183,62,72,65
"Pyke8",11.395040333763,12.8621671860562,36.2986165408314,851.289153761027,32.1848924731183,-3.24942544802867,35.434317921147,1.60187317801673,21.5065641577061,21.9529734169654,1.13552704592404,223.307333333333,33.0826666666667,3.61833333333333,48.618313392153,91.563,16.3606666666667,24.5426666666667,85.2096666666667,"Pyke8",189,46.74830998,-119.361636,63,73,66
"Pyle 021-1",4.99407319486378,12.481119517571,35.7699039803669,821.709870628302,24.4346989247312,-10.4580967741935,34.8927956989247,8.87807694145759,-4.91612836749828,15.2158607526882,-4.91612836749828,542.102666666667,96.1653333333333,25.2446666666667,44.3165649026414,216.272666666667,83.251,179.674,83.251,"Pyle 021-1",62,49.582467,-114.2063567,102,187,105
"Pyle 022-1",3.68227041142127,11.6471077368446,34.7789727220625,794.996347083155,22.6770860215054,-10.8118494623656,33.488935483871,7.27441027479092,-5.86904493734955,13.6028074671446,-5.86904493734955,745.549333333333,108.598,46.1783333333333,30.6462314874579,263.022666666667,143.588666666667,206.783,143.588666666667,"Pyle 022-1",61,49.45603169,-114.409728,101,188,104
"Pyle1",10.6857667596565,15.0203182497013,39.2693427566964,831.375659505701,33.2997634408602,-4.94971362007168,38.2494770609319,9.29964289127838,21.2656096774194,21.3757281959379,1.1294839442414,270.736666666667,39.0396666666667,3.50933333333333,48.8863765696408,96.4203333333333,17.0683333333333,31.443,85.2626666666667,"Pyle1",190,42.35,-118.65,64,75,67
"Pyle10",8.46633219406042,15.609706503699,42.1869022706986,758.199735376201,30.5377849462366,-6.46352508960574,37.0013100358423,7.07897108721625,18.1997710872162,18.1997710872162,-0.196960172384366,270.584,36.9556666666667,5.49433333333333,46.3498604784592,95.1273333333333,20.085,20.085,86.248,"Pyle10",192,43.19,-120,66,77,69
"Pyle12",8.44338060878195,15.9543949898035,43.2939726172954,741.088333172427,30.5312580645161,-6.32004946236559,36.8513075268817,0.542277419354839,17.9116402628435,17.9118828554361,-0.0167987118256028,310.616666666667,46.202,6.54133333333333,48.4802177593354,117.491333333333,23.518,33.4186666666667,115.331333333333,"Pyle12",193,43.24,-120.4,106,189,109
"Pyle15",6.21019782058695,14.0648515320521,39.2622170739459,766.90152173596,27.5606666666667,-8.26219964157706,35.8228663082437,-1.95079193548387,16.0607945639188,16.0607945639188,-2.57264617284932,486.004666666667,77.56,7.70566666666667,54.485157124786,195.355333333333,28.982,28.982,194.551333333333,"Pyle15",194,43.8,-119,107,79,110
"Pyle17",6.53535929707317,12.6805129422168,37.9341606782788,738.901728068409,26.6391182795699,-6.78856989247312,33.427688172043,-1.19086589008363,16.1913531660693,16.1913531660693,-1.77126275197015,603.484666666667,93.45,11.2913333333333,52.253152319678,240.871333333333,39.7286666666667,39.7286666666667,233.822,"Pyle17",195,44.36,-118.93,67,81,70
"Pyle19",10.9664288792736,15.3068093359906,42.5618741778353,736.04042335249,32.7259462365591,-3.23771756272401,35.9636637992832,3.0581440860215,20.3595660692951,20.3595660692951,2.5189701168553,334.597,45.3366666666667,8.272,45.5813229196732,118.556333333333,26.552,26.552,110.678333333333,"Pyle19",196,44.57,-119.65,68,82,71
"Pyle9",7.90528903308202,15.2337187268629,40.8507577156705,779.469516085937,30.1282903225806,-7.16286308243728,37.2911534050179,-0.47495017921147,17.877847311828,17.877847311828,-1.09347086886664,295.233,40.4123333333333,5.02533333333333,47.4326432517541,105.391,21.2216666666667,21.2216666666667,99.9543333333333,"Pyle9",191,43.42,-119.62,65,76,68
"Reed1",12.6422122168003,15.1600070796623,36.1413430287982,985.782532400443,35.2579784946237,-6.6884623655914,41.9464408602151,19.3618457586619,22.3414382915173,24.9844006571087,0.471919297308591,275.549,33.488,11.506,22.5713025960583,89.076,55.45,57.5943333333333,64.0176666666667,"Reed1",197,38.52,-109.47,69,83,72
"Reed3",12.7916590356863,15.0153975931517,35.0652794928836,1020.65522551139,35.7619569892473,-7.05931182795699,42.8212688172043,19.6922126642772,0.954478315412186,25.5234437873357,0.142859559710672,216.14,30.4286666666667,9.888,27.2302526291169,73.814,44.4203333333333,47.978,46.1136666666667,"Reed3",198,38.75,-109.79,70,84,73
"RockyPrairie1",10.8675869704581,10.3849552161131,42.7166674744137,526.284613792613,25.468752688172,1.15750410509031,24.3112485830817,5.29384569892473,17.4561586618877,17.5367975507766,4.84010122711302,1384.90166666667,219.536666666667,16.89,62.6319520932101,636.469666666667,89.4013333333333,100.783666666667,555.627333333333,"RockyPrairie1",45,46.91135,-122.85905,100,190,103
"Schupp1",9.41499522614045,14.6803164164621,36.8443638869412,914.595985739557,31.8300322580645,-8.0140982078853,39.8441304659498,4.01656053419143,21.1749457586619,21.1749457586619,-1.44600655063533,418.802,48.7633333333333,11.971,37.4093475469053,140.136666666667,47.0223333333333,47.0223333333333,135.051333333333,"Schupp1",200,39.85,-112.15,71,13,74
"Schupp2",9.44881276197539,15.0678252723485,37.4476045845686,909.602823733939,32.1823010752688,-8.05478602150538,40.2370870967742,8.2402802270012,21.1867253882915,21.1867253882915,-1.27756275138161,414.586,47.9203333333333,17.0813333333333,30.5479290693384,135.820333333333,59.621,59.621,126.429,"Schupp2",201,40.2,-112.46,72,12,75
"Schupp3",10.6868287514125,16.4138191062527,39.9873737573341,902.44521239894,33.2880215053763,-7.75948315412186,41.0475046594982,5.48510275953293,22.2404470131422,22.2404470131422,-0.101342461494547,249.006666666667,29.6113333333333,11.5376666666667,22.125302503848,73.6936666666667,48.139,48.139,64.2776666666667,"Schupp3",202,38.6,-113.79,73,86,76
"Schupp4",9.12548968739517,14.6074994685453,37.7764138360293,880.136544882683,30.3743010752688,-8.29400537634409,38.6683064516129,7.75922520908005,20.4966348864994,20.4966348864994,-1.21737697323893,321.530666666667,36.5133333333333,15.5356666666667,20.8453871964327,94.1266666666667,64.4666666666667,64.4666666666667,80.8746666666667,"Schupp4",203,38.52,-113.55,74,87,77
"Schupp5",11.399376240061,16.9273527994067,39.386655036041,956.552979956229,35.3447419354839,-7.63263906810036,42.9773810035842,10.7272965352449,23.5883772401434,23.5883772401434,-0.144474908334363,242.624666666667,28.6896666666667,10.0886666666667,26.833496143952,79.352,37.4976666666667,37.4976666666667,62.5703333333333,"Schupp5",204,39.11,-112.74,75,88,78
"Shriver2",6.83913233979848,11.4491568407872,34.0542524237505,814.028304727807,27.1331075268817,-6.48723655913978,33.6203440860215,10.4035636798088,16.7527712066906,17.1375730585424,-2.77197129791479,749.448666666667,100.475666666667,29.1223333333333,30.3626073075053,242.169,111.375,163.78,200.861333333333,"Shriver2",205,48,-114.04,76,102,79
"SuciaIsland1",10.8567233908487,7.72272206802385,38.3716222487623,473.172696476488,22.5435483870968,2.41741971326165,20.1261286738351,5.8335958781362,16.760729390681,16.760729390681,5.32093275096963,821.312666666667,125.228666666667,21.841,52.086170644287,352.505,80.334,80.334,298.675,"SuciaIsland1",42,48.750956,-122.89384,127,191,130
"SumnerRd1",8.9495284254698,11.9145660890113,36.4279399306831,752.841777568729,28.9343333333333,-3.77288566308244,32.7072189964158,0.718569534050179,18.3928364994026,18.3928364994026,0.165101754447917,727.635666666667,96.7406666666667,15.0436666666667,47.3404685502286,281.355333333333,57.0506666666667,57.0506666666667,261.337666666667,"SumnerRd1",272,46.698,-116.812,123,192,126
"Symstad1",7.51634462089712,14.8328698694464,35.960290930542,967.509967678481,30.1037956989247,-11.1441182795699,41.2479139784946,11.6763601553166,-2.67302072879331,19.8337161290323,-4.15314887602922,474.209333333333,77.174,16.375,52.3644792120325,204.734333333333,52.7706666666667,165.436,55.5,"Symstad1",206,44.59,-104.71,77,89,80
"Symstad2",7.06513836810154,12.6037467275515,34.9528627201062,876.050290892041,26.7058709677419,-9.35339784946236,36.0592688172043,15.3807219235364,-1.65991493428913,18.3897846475508,-3.1549097892426,631.572,123.205333333333,11.452,69.4722698602459,312.085333333333,41.6406666666667,251.510666666667,42.231,"Symstad2",207,43.87,-103.46,78,90,81
"Symstad3",7.9051708884725,13.6289442489745,36.2200022905084,899.790775794722,28.4011935483871,-9.22703225806452,37.6282258064516,16.4694352449223,-1.26788596176822,19.4497972520908,-2.72182731827251,560.03,105.460333333333,9.713,68.4596450597469,273.269666666667,36.5503333333333,226.875666666667,39.3116666666667,"Symstad3",208,43.62,-103.47,79,91,82
"Urza1",11.1274936101842,15.5730349899359,39.8387962172565,846.699141564161,33.4642795698925,-5.62584480286738,39.0901243727599,1.29609212293495,21.6488666666667,21.9756777777778,1.29609212293495,212.16,33.0413333333333,4.35466666666667,49.7800376686022,87.3993333333333,16.674,25.3146666666667,87.3993333333333,"Urza1",212,40.35,-119.34,80,31,83
"Urza2",10.4460817544185,14.3534027128909,38.0923138342644,841.257458980984,32.2030107526882,-5.47756379928315,37.6805745519713,0.798995715403947,21.0821290322581,21.2286308841099,0.798995715403947,277.211333333333,39.2063333333333,6.06333333333333,46.6658118056663,102.596333333333,21.4573333333333,34.1873333333333,102.596333333333,"Urza2",213,40.84,-119.56,81,93,84
"Urza3",9.23057677835749,15.1356992844783,41.4242920367636,767.692993677555,30.9190537634409,-5.61916702508961,36.5382207885305,1.1871623655914,19.0594812425329,19.0595016129032,0.492027782486125,408.963666666667,62.4136666666667,4.38933333333333,57.5968753258716,161.387333333333,18.3463333333333,28.9843333333333,156.695333333333,"Urza3",214,41.6,-120.2,108,193,111
"Wilcox1",5.58282291313541,14.1786590827698,38.2075539730279,847.333562118892,26.5249892473118,-10.5845810035842,37.1095702508961,13.7394152927121,-4.40962387911907,16.5007145758662,-4.40962387911907,356.289666666667,53.094,11.1953333333333,46.3011770756223,140.937666666667,37.788,121.730333333333,37.788,"Wilcox1",215,41.32,-105.54,109,194,112
"Wilcox2",5.58120122490598,14.8809911115231,39.1215861350048,853.707352425024,27.0398387096774,-10.9979623655914,38.0378010752688,13.8168557945042,-4.53184743012518,16.5527572281959,-4.53184743012518,312.452333333333,48.1986666666667,9.97366666666667,47.4569326308519,126.188666666667,32.8973333333333,108.255,32.8973333333333,"Wilcox2",216,41.31,-105.66,82,95,85
