"SiteCode","climYr","prcp.Spr","tmean.Spr","swe_mean.Spr","prcp.Sum","tmean.Sum","swe_mean.Sum","prcp.Win","tmean.Win","swe_mean.Win","prcp.Fall","tmean.Fall","swe_mean.Fall"
"BA",2020,202.66,10.6912637362637,0,13.22,19.1853333333333,0,147.47,0.868315217391304,1.08489130434783,NA,NA,NA
"BA",2021,98.07,12.4320879120879,0,30.35,19.5908888888889,0,116.07,0.613118279569892,4.58075268817204,113.3,3.58236263736264,0.581538461538462
"BA",2022,179.29,9.26368131868132,0,8.36,21.0767222222222,0,95.2,0.252741935483871,10.2890322580645,153.7,4.03203296703297,1.85428571428572
"BA",2023,151.95,11.083956043956,2.46417582417583,49.57,19.0123333333333,0,161.29,-1.83548387096774,16.459247311828,165.01,1.69373626373626,8.48296703296703
"BA",2024,NA,NA,NA,NA,NA,NA,NA,NA,NA,137.76,3.96467032967033,0.0901098901098902
"Boise_High",2020,202.66,10.6912637362637,0,13.22,19.1853333333333,0,147.47,0.868315217391304,1.08489130434783,NA,NA,NA
"Boise_High",2021,98.07,12.4320879120879,0,30.35,19.5908888888889,0,116.07,0.613118279569892,4.58075268817204,113.3,3.58236263736264,0.581538461538462
"Boise_High",2022,179.29,9.26368131868132,0,8.36,21.0767222222222,0,95.2,0.252741935483871,10.2890322580645,153.7,4.03203296703297,1.85428571428572
"Boise_High",2023,151.95,11.083956043956,2.46417582417583,49.57,19.0123333333333,0,161.29,-1.83548387096774,16.459247311828,165.01,1.69373626373626,8.48296703296703
"Boise_High",2024,NA,NA,NA,NA,NA,NA,NA,NA,NA,137.76,3.96467032967033,0.0901098901098902
"Boise_Low",2020,136.37,14.6360989010989,0,5.33,22.2166666666667,0,78.26,3.88880434782609,0,NA,NA,NA
"Boise_Low",2021,54.32,16.4744505494505,0,10.94,22.7119444444444,0,65.15,3.43241935483871,0.20010752688172,62.03,5.47241758241758,0.203846153846154
"Boise_Low",2022,98.15,13.4288461538462,0,9.47,24.3362222222222,0,43,2.07682795698925,1.14451612903226,58.14,6.62626373626374,0.0557142857142857
"Boise_Low",2023,68.74,15.0624725274725,0,41.38,22.3923333333333,0,53.36,1.31763440860215,0.0121505376344086,85.36,4.01307692307692,0.0836263736263735
"Boise_Low",2024,NA,NA,NA,NA,NA,NA,NA,NA,NA,62.62,6.10824175824176,0.00307692307692308
"CG PASTURE",2020,272.38,11.4524725274725,0.57989010989011,110.24,19.196,0,88.5,-0.554130434782609,4.17597826086957,NA,NA,NA
"CG PASTURE",2021,385.12,11.2428021978022,0.504945054945055,122.42,19.4766666666667,0,149,-1.86161290322581,6.30677419354839,64.02,3.4539010989011,2.5610989010989
"CG PASTURE",2022,133.5,11.5174725274725,0.0689010989010989,260.84,20.0119444444444,0,118.46,-1.43489247311828,3.61129032258065,76.44,5.12208791208791,0.267692307692308
"CG PASTURE",2023,517.94,11.2418131868132,1.23934065934066,441.1,18.4805555555556,0,116.82,-2.5860752688172,14.8322580645161,54.9,1.74648351648352,1.52263736263736
"CG PASTURE",2024,NA,NA,NA,NA,NA,NA,NA,NA,NA,99.88,4.25252747252747,2.72516483516484
"CH",2020,272.38,11.4524725274725,0.57989010989011,110.24,19.196,0,88.5,-0.554130434782609,4.17597826086957,NA,NA,NA
"CH",2021,385.12,11.2428021978022,0.504945054945055,122.42,19.4766666666667,0,149,-1.86161290322581,6.30677419354839,64.02,3.4539010989011,2.5610989010989
"CH",2022,133.5,11.5174725274725,0.0689010989010989,260.84,20.0119444444444,0,118.46,-1.43489247311828,3.61129032258065,76.44,5.12208791208791,0.267692307692308
"CH",2023,517.94,11.2418131868132,1.23934065934066,441.1,18.4805555555556,0,116.82,-2.5860752688172,14.8322580645161,54.9,1.74648351648352,1.52263736263736
"CH",2024,NA,NA,NA,NA,NA,NA,NA,NA,NA,99.88,4.25252747252747,2.72516483516484
"CaseAoyamaS1",2020,154.5,10.8715934065934,0.154395604395604,8.86,19.0071666666667,0,176.98,0.910326086956522,1.47434782608696,NA,NA,NA
"CaseAoyamaS1",2021,94.88,12.5027472527473,0,52.76,19.2365,0,151.48,0.857096774193548,4.6636559139785,116.46,3.31115384615385,0.21978021978022
"CaseAoyamaS1",2022,242.02,8.96417582417582,0.0446153846153845,24.8,20.622,0,70.3,1.3002688172043,33.8863440860215,240.78,3.48813186813187,1.53527472527472
"CaseAoyamaS1",2023,205.14,11.4071428571429,9.12362637362637,125.04,18.4283333333333,0,267.74,-2.83467741935484,22.4212903225806,223.02,1.04631868131868,18.9137362637363
"CaseAoyamaS1",2024,NA,NA,NA,NA,NA,NA,NA,NA,NA,159.86,3.96934065934066,0
"CastValley",2020,28.41,19.8771978021978,0,10.02,26.5649444444444,0,47.33,3.54885869565217,0.200326086956522,NA,NA,NA
"CastValley",2021,26.77,20.2799450549451,0,81.87,26.0540555555556,0,54.09,3.73102150537634,0,39.23,7.18247252747253,0.0189010989010989
"CastValley",2022,22.98,19.2195054945055,0,65.07,26.5519444444444,0,51.87,3.31655913978495,0,109.91,7.73252747252747,0
"CastValley",2023,30.19,18.3122527472527,0,28.5,26.2587222222222,0,95.84,2.44731182795699,0,130.77,6.00401098901099,0
"CastValley",2024,NA,NA,NA,NA,NA,NA,NA,NA,NA,43.79,7.53428571428571,0
"EOARC",2020,79.5,10.6725824175824,0.175824175824176,4.67,18.8521666666667,0,91.62,0.734510869565217,1.63760869565217,NA,NA,NA
"EOARC",2021,49.8,12.2972527472527,0,26.82,19.0650555555556,0,77.84,0.691881720430107,6.20602150537634,61.45,3.21126373626374,0.257362637362637
"EOARC",2022,125.72,8.7543956043956,0.06,12.98,20.445,0,38.63,1.19069892473118,38.3755913978495,128.31,3.36549450549451,1.62835164835165
"EOARC",2023,104.63,11.1963736263736,9.15637362637363,65.42,18.2572222222222,0,141.69,-2.90758064516129,23.4491397849462,118.41,0.981153846153847,20.11
"EOARC",2024,NA,NA,NA,NA,NA,NA,NA,NA,NA,84.49,3.87027472527473,0
"EnsingS1 SuRDC",2020,156.42,13.0442307692308,0,32.21,19.7160555555556,0,104.5,1.1695652173913,2.42271739130435,NA,NA,NA
"EnsingS1 SuRDC",2021,33.54,15.1630769230769,0,44.6,20.2489444444444,0,42.23,1.57924731182796,1.6894623655914,122.92,4.06598901098901,0.113406593406593
"EnsingS1 SuRDC",2022,124.72,11.9593406593407,0,56.06,20.8791111111111,0,69.7,1.73559139784946,8.59903225806452,160.72,2.83994505494506,4.29626373626374
"EnsingS1 SuRDC",2023,81.52,15.1567032967033,0,50.01,20.1752777777778,0,31.75,1.1108064516129,0.356881720430108,110.46,1.2878021978022,3.44824175824176
"EnsingS1 SuRDC",2024,NA,NA,NA,NA,NA,NA,NA,NA,NA,66.69,4.89928571428571,0
"EnsingS2 Summerland-Princeton",2020,171.58,10.3750549450549,0,54.37,17.3038333333333,0,131.6,-1.36402173913044,7.11173913043478,NA,NA,NA
"EnsingS2 Summerland-Princeton",2021,38.71,12.4925274725275,0,67.48,17.7203888888889,0,56.71,-0.991236559139785,20.2403225806452,152.82,1.87675824175824,0.396703296703296
"EnsingS2 Summerland-Princeton",2022,161.71,9.31148351648352,0,65.61,18.7296111111111,0,89.4,-0.0372043010752687,48.5922580645161,200.5,0.366868131868131,7.20923076923077
"EnsingS2 Summerland-Princeton",2023,116.99,12.6404945054945,0,87.31,17.7218888888889,0,42.35,-1.00134408602151,1.69849462365591,134.12,-0.574230769230771,23.4214285714286
"EnsingS2 Summerland-Princeton",2024,NA,NA,NA,NA,NA,NA,NA,NA,NA,108.93,2.78741758241758,0
"EnsingS3 Bear Creek",2020,162.12,12.9541758241758,0,31.37,19.5413333333333,0,107.05,0.754836956521739,2.50358695652174,NA,NA,NA
"EnsingS3 Bear Creek",2021,33.53,15.2191758241758,0,56.3,20.0899444444444,0,52.78,1.57752688172043,3.01290322580645,155.42,4.07835164835165,0.316263736263736
"EnsingS3 Bear Creek",2022,126.02,12.1262637362637,0,46.95,20.8047777777778,0,63.4,1.5263440860215,5.44193548387097,186.25,2.72445054945055,4.64538461538462
"EnsingS3 Bear Creek",2023,58,15.2926923076923,0,46.92,20.1186111111111,0,42.08,1.08849462365591,0.356774193548387,115.99,1.1739010989011,2.87813186813187
"EnsingS3 Bear Creek",2024,NA,NA,NA,NA,NA,NA,NA,NA,NA,71.97,4.87769230769231,0
"EnsingS4 Lundbom",2020,135.88,7.62225274725275,29.7267032967033,42.04,14.2424444444444,0,127.16,-4.30304347826087,72.7473913043478,NA,NA,NA
"EnsingS4 Lundbom",2021,28.27,9.12978021978022,30.5274725274725,79.46,14.5222777777778,0,76.83,-4.32349462365591,70.8540860215054,151.43,-0.979285714285715,13.0665934065934
"EnsingS4 Lundbom",2022,105.01,6.82752747252747,8.49505494505494,52.48,16.3296666666667,0,66.76,-1.68532258064516,73.9478494623656,160.85,-3.1571978021978,10.400989010989
"EnsingS4 Lundbom",2023,81.64,10.2502747252747,0.267582417582418,65.16,14.8201111111111,0,14.87,-3.50145161290323,9.35365591397849,129.57,-4.36489010989011,31.0294505494505
"EnsingS4 Lundbom",2024,NA,NA,NA,NA,NA,NA,NA,NA,NA,90.68,0.294670329670329,6.95
"FAR NORTH CPER",2020,178.46,13.0596703296703,0.119010989010989,107.6,20.4277222222222,0,82.56,0.489619565217391,1.77847826086957,NA,NA,NA
"FAR NORTH CPER",2021,442.8,12.7935714285714,0.148571428571428,97.08,20.7645,0,120.08,-1.10731182795699,4.12440860215054,70.74,3.9432967032967,2.90934065934066
"FAR NORTH CPER",2022,151.5,13.220989010989,0.088901098901099,149.18,21.3092777777778,0,77.72,-0.893924731182797,3.20537634408602,34.82,5.86620879120879,0
"FAR NORTH CPER",2023,429.42,12.8094505494505,0.393406593406594,311.98,19.8367222222222,0,80.32,-1.8010752688172,7.09505376344086,34.3,2.33978021978022,0.594945054945055
"FAR NORTH CPER",2024,NA,NA,NA,NA,NA,NA,NA,NA,NA,54.22,5.03928571428571,1.00461538461538
"FtK_Cottonwood_Coulee",2020,329.9,12.746978021978,0,159.04,20.8573333333333,0,62.28,-1.45902173913043,1.26521739130435,NA,NA,NA
"FtK_Cottonwood_Coulee",2021,155.42,14.1835164835165,0,155.5,21.7815,0,48.62,-2.13602150537634,3.22989247311828,81.6,2.57642857142857,1.23527472527473
"FtK_Cottonwood_Coulee",2022,384.56,11.7697802197802,1.40076923076923,144.32,22.3762222222222,0,36.64,-2.34725806451613,9.39612903225806,160.8,2.46335164835165,1.12692307692308
"FtK_Cottonwood_Coulee",2023,481.84,14.4685714285714,0.187472527472527,273.22,21.3052222222222,0,35.86,-3.39618279569892,3.75924731182796,162.52,-1.34802197802198,8.86307692307692
"FtK_Cottonwood_Coulee",2024,NA,NA,NA,NA,NA,NA,NA,NA,NA,102.88,3.43313186813187,2.13538461538462
"FtK_Lone_Pine",2020,340.58,12.9042857142857,0,155.28,21.0370555555556,0,59.84,-1.33266304347826,1.3095652173913,NA,NA,NA
"FtK_Lone_Pine",2021,149.88,14.3831318681319,0,158.12,21.9717222222222,0,45.98,-2.05252688172043,2.37387096774194,79.84,2.68049450549451,0.732197802197802
"FtK_Lone_Pine",2022,384.3,11.9052747252747,1.36054945054945,150.9,22.4983333333333,0,36.54,-2.21924731182796,9.5931182795699,168.06,2.58851648351648,0.953296703296703
"FtK_Lone_Pine",2023,466.04,14.5984615384615,0.154065934065934,281.24,21.4532222222222,0,34.86,-3.33435483870968,3.76924731182796,160.84,-1.24620879120879,8.7878021978022
"FtK_Lone_Pine",2024,NA,NA,NA,NA,NA,NA,NA,NA,NA,94.04,3.44912087912088,1.95824175824176
"GoeblS1",2020,95.37,14.4132967032967,2.19384615384615,54.71,21.3703888888889,0,120.55,1.93260869565217,13.3735869565217,NA,NA,NA
"GoeblS1",2021,251.11,13.7900549450549,0,62.08,21.7750555555556,0,137.69,1.01306451612903,6.74462365591398,53.94,5.74692307692308,1.67263736263736
"GoeblS1",2022,104.21,14.483021978022,0,141.2,22.347,0,168.3,0.866935483870968,10.402688172043,6.47,7.50461538461539,0
"GoeblS1",2023,364.43,13.373021978022,0,170.97,21.1609444444444,0,57.65,0.176505376344086,8.74806451612903,81.24,4.49027472527473,1.69186813186813
"GoeblS1",2024,NA,NA,NA,NA,NA,NA,NA,NA,NA,69.28,6.51868131868132,0.251758241758242
"GreenCanyon",2020,351.45,12.8086813186813,0,79.35,20.2913333333333,0,406.02,-0.338804347826087,30.721847826087,NA,NA,NA
"GreenCanyon",2021,178.08,14.0941208791209,0,294.69,20.3645555555556,0,275.28,-0.30758064516129,20.4621505376344,186,2.83906593406593,3.23043956043956
"GreenCanyon",2022,410.64,11.5607692307692,0.0252747252747253,350.7,21.2665,0,177.36,-1.84360215053763,7.79903225806452,679.98,3.99054945054945,1.32967032967033
"GreenCanyon",2023,444.63,12.2444505494506,16.9498901098901,391.38,20.1743888888889,0,884.4,-4.24231182795699,40.9775268817204,442.56,1.50945054945055,4.20318681318681
"GreenCanyon",2024,NA,NA,NA,NA,NA,NA,NA,NA,NA,449.79,3.76208791208791,0.00736263736263736
"HPGRS AGCR",2020,184.84,11.6653846153846,0.201208791208791,163.92,19.3936666666667,0,99.98,-0.397445652173913,5.54347826086957,NA,NA,NA
"HPGRS AGCR",2021,449.78,11.460989010989,0.844395604395605,138.24,19.6767222222222,0,167.52,-1.7147311827957,6.78118279569893,52.16,3.59813186813187,1.88428571428571
"HPGRS AGCR",2022,120.62,11.6889010989011,0.0253846153846154,262.26,20.1356111111111,0,110.88,-1.39268817204301,3.77505376344086,49.38,5.31137362637363,0.0325274725274725
"HPGRS AGCR",2023,516.72,11.450989010989,1.41571428571428,358.3,18.6973888888889,0,116.78,-2.45715053763441,16.5374193548387,39.62,1.79186813186813,0.653076923076923
"HPGRS AGCR",2024,NA,NA,NA,NA,NA,NA,NA,NA,NA,75.34,4.40587912087912,2.20032967032967
"HardwareRanch",2020,192.64,10.8826923076923,8.43054945054945,23.52,18.8571666666667,0,276,-1.5879347826087,82.2936956521739,NA,NA,NA
"HardwareRanch",2021,137.36,12.3012087912088,0.116923076923077,154.32,18.9512777777778,0,174.36,-1.31306451612903,32.2261290322581,202.06,2.37961538461538,14.2303296703297
"HardwareRanch",2022,238.84,10.008021978022,1.14362637362637,189.26,19.6208333333333,0,138.36,-2.45629032258065,29.557311827957,451.12,3.28318681318681,1.8110989010989
"HardwareRanch",2023,222.04,10.333021978022,27.4840659340659,180.1,18.4502777777778,0,508.06,-4.84193548387097,39.3372043010753,315.96,0.654395604395602,7.25252747252748
"HardwareRanch",2024,NA,NA,NA,NA,NA,NA,NA,NA,NA,288.78,3.14214285714286,0.597912087912088
"K1_vanDiepen",2020,133.34,8.19543956043956,97.5012087912088,46.88,15.5172222222222,0,140.21,-3.58016304347826,135.933260869565,NA,NA,NA
"K1_vanDiepen",2021,108.61,8.62928571428571,77.582967032967,110.12,15.6007777777778,0,125.72,-4.07145161290323,82.7606451612903,140.08,0.313241758241758,20.4291208791209
"K1_vanDiepen",2022,73.02,7.93675824175824,69.0253846153846,72.43,16.1526666666667,0,86.87,-4.91489247311828,116.266666666667,140.05,1.74675824175824,2.48285714285714
"K1_vanDiepen",2023,129.25,7.83521978021978,66.3710989010989,100.4,14.9750555555556,0,173.99,-5.78688172043011,70.6835483870968,151.58,-1.57010989010989,28.1016483516483
"K1_vanDiepen",2024,NA,NA,NA,NA,NA,NA,NA,NA,NA,55.28,1.01071428571428,6.77054945054945
"L1_vanDiepen",2020,124.55,9.09923076923077,55.2350549450549,38.97,16.5002222222222,0,81.34,-2.92989130434783,97.0935869565217,NA,NA,NA
"L1_vanDiepen",2021,120.28,9.40208791208791,9.16351648351648,109.96,16.6271111111111,0,40.74,-3.59172043010753,26.0550537634409,97.61,0.9,12.7094505494506
"L1_vanDiepen",2022,40.01,8.96840659340659,17.3357142857143,69.38,17.2147777777778,0,61.41,-4.4291935483871,55.0887096774194,57.56,2.62802197802198,1.19978021978022
"L1_vanDiepen",2023,97.75,8.96576923076923,4.29505494505495,116.6,16.3142222222222,0,58.36,-5.12016129032258,16.9150537634409,68.31,-0.781153846153845,13.6083516483516
"L1_vanDiepen",2024,NA,NA,NA,NA,NA,NA,NA,NA,NA,28.9,2.11571428571429,0.689230769230769
"MPG_IR",2020,458.84,10.5478571428571,0.0732967032967032,84.84,17.498,0,188.38,0.300271739130435,1.42336956521739,NA,NA,NA
"MPG_IR",2021,235.5,11.4931318681319,0,115.54,18.1853333333333,0,220.96,-0.657150537634409,14.9329032258065,268.42,1.70483516483517,3.09846153846154
"MPG_IR",2022,305.66,9.34115384615385,1.61912087912088,146.96,19.3013333333333,0,188.9,-0.915591397849462,61.6329032258065,280.76,2.84796703296703,1.20604395604396
"MPG_IR",2023,383.04,12.2303846153846,0.0146153846153846,175.06,18.0675,0,224.08,-2.21720430107527,2.16623655913979,248.34,-0.294395604395605,18.529010989011
"MPG_IR",2024,NA,NA,NA,NA,NA,NA,NA,NA,NA,150.46,2.58884615384615,0.455494505494506
"MPG_SR",2020,449.54,10.6305494505495,0.0341758241758242,73.94,17.5418888888889,0,162.32,0.401902173913043,1.03217391304348,NA,NA,NA
"MPG_SR",2021,213.52,11.5693956043956,0,118.44,18.2343333333333,0,212.64,-0.621129032258064,13.6181720430108,252.24,1.81016483516483,2.77131868131868
"MPG_SR",2022,306.28,9.43010989010989,0.814945054945054,148.06,19.3138333333333,0,177.64,-0.816182795698924,57.8072043010753,280.76,2.95307692307692,1.03098901098901
"MPG_SR",2023,380.26,12.2598351648352,0.0105494505494505,164.14,18.0947777777778,0,216.52,-2.14618279569893,2.00688172043011,243.46,-0.269560439560441,18.0815384615385
"MPG_SR",2024,NA,NA,NA,NA,NA,NA,NA,NA,NA,134.62,2.6471978021978,0.434945054945055
"MPG_TH",2020,456.64,10.5936263736264,0.0341758241758241,75.62,17.5172222222222,0,178.94,0.357119565217391,1.33021739130435,NA,NA,NA
"MPG_TH",2021,233.56,11.5347802197802,0.00142857142857143,119.04,18.2113888888889,0,219.2,-0.646129032258065,15.1216129032258,259.64,1.76549450549451,2.87263736263736
"MPG_TH",2022,306.76,9.39120879120879,1.12263736263736,147.18,19.3023333333333,0,178.3,-0.86016129032258,59.4674193548387,285.16,2.90895604395604,1.19692307692308
"MPG_TH",2023,375.12,12.2408241758242,0.0120879120879121,167.88,18.0780555555556,0,219.66,-2.18172043010753,2.05591397849462,245.56,-0.287747252747251,18.3347252747253
"MPG_TH",2024,NA,NA,NA,NA,NA,NA,NA,NA,NA,143.32,2.62296703296703,0.444615384615385
"NEAR 4WAY CPER",2020,191.06,13.3578571428571,0.118131868131868,76.38,20.6456666666667,0,76.42,0.694836956521739,0.891413043478261,NA,NA,NA
"NEAR 4WAY CPER",2021,494.94,13.0976373626374,0.0102197802197802,82.34,20.9916666666667,0,115.38,-0.920591397849462,3.90623655913978,65.7,4.05813186813187,2.69527472527472
"NEAR 4WAY CPER",2022,156.52,13.5316483516484,0,153.08,21.5412777777778,0,74.04,-0.791021505376344,3.11612903225806,28.38,6.03208791208791,0
"NEAR 4WAY CPER",2023,396.4,13.1056593406593,0.358571428571428,278.02,20.0723888888889,0,76.7,-1.67456989247312,6.19967741935484,31.58,2.47917582417583,0.653846153846154
"NEAR 4WAY CPER",2024,NA,NA,NA,NA,NA,NA,NA,NA,NA,52.82,5.18467032967033,0.997362637362637
"NEAR HQ CPER",2020,176.96,13.0973076923077,0.141208791208791,96.74,20.4659444444444,0,82.08,0.525869565217391,1.76369565217391,NA,NA,NA
"NEAR HQ CPER",2021,467.62,12.8478571428571,0.17967032967033,105.44,20.7863888888889,0,123.14,-1.04994623655914,3.89817204301075,78.04,3.98142857142857,3.28076923076923
"NEAR HQ CPER",2022,148.88,13.2577472527473,0.0235164835164835,159.2,21.3301666666667,0,76.42,-0.853172043010753,2.73989247311828,37.54,5.92318681318681,0
"NEAR HQ CPER",2023,440.12,12.8525274725275,0.33978021978022,299.32,19.8667222222222,0,79.64,-1.72360215053763,5.28430107526882,32.94,2.385,0.44967032967033
"NEAR HQ CPER",2024,NA,NA,NA,NA,NA,NA,NA,NA,NA,57.98,5.09274725274725,1.04285714285714
"NEAR NUTNET",2020,172.66,13.1845054945055,0.106483516483517,99.4,20.5202222222222,0,79.84,0.5725,1.35858695652174,NA,NA,NA
"NEAR NUTNET",2021,462.62,12.9218131868132,0.129340659340659,94.1,20.8612222222222,0,120.12,-1.02903225806452,3.51290322580645,69.66,3.98994505494506,2.88901098901099
"NEAR NUTNET",2022,151.18,13.3503846153846,0.0798901098901099,150.84,21.4063333333333,0,74.18,-0.850430107526882,2.86215053763441,28.38,5.93708791208791,0
"NEAR NUTNET",2023,422.4,12.9347252747253,0.296263736263737,288.24,19.9353888888889,0,75.92,-1.74548387096774,5.66548387096774,31.08,2.39675824175824,0.451428571428571
"NEAR NUTNET",2024,NA,NA,NA,NA,NA,NA,NA,NA,NA,54.66,5.10010989010989,1.02802197802198
"OttS1",2020,88.39,13.3300549450549,0.0237362637362638,139.97,21.4073333333333,0,25.39,-0.0462500000000001,1.13521739130435,NA,NA,NA
"OttS1",2021,137.16,14.2123626373626,0,141.53,22.4231666666667,0,40.8,-1.25123655913978,1.32784946236559,27.27,4.14186813186813,0.507252747252747
"OttS1",2022,148.71,12.7840659340659,0,169.15,22.9079444444444,0,16.3,-1.23978494623656,21.8427956989247,112.47,5.21686813186813,0.154285714285714
"OttS1",2023,274.15,14.2328571428571,6.61417582417582,173.21,20.9407222222222,0,80.85,-2.05505376344086,10.5878494623656,63.35,1.03258241758242,9.1089010989011
"OttS1",2024,NA,NA,NA,NA,NA,NA,NA,NA,NA,80.15,4.63950549450549,0.140769230769231
"PMR- Brome",2020,324.3,11.3324175824176,5.13076923076923,188.84,18.5658888888889,0,185.28,-0.48125,12.8144565217391,NA,NA,NA
"PMR- Brome",2021,484.98,11.2132417582418,14.0375824175824,121.24,19.1776666666667,0,306.84,-1.50822580645161,35.9477419354839,122.58,3.43587912087912,4.14956043956044
"PMR- Brome",2022,276.22,11.547032967033,0,342,19.5465,0,200.38,-1.03731182795699,21.79,48.96,5.30862637362637,0.0757142857142858
"PMR- Brome",2023,731.26,10.8681318681319,1.34857142857143,394.7,18.2901666666667,0,124.32,-2.07247311827957,12.4539784946237,107.44,1.99071428571429,4.31945054945055
"PMR- Brome",2024,NA,NA,NA,NA,NA,NA,NA,NA,NA,71.86,4.52175824175824,1.05879120879121
"PMR- Pine",2020,324.3,11.3324175824176,5.13076923076923,188.84,18.5658888888889,0,185.28,-0.48125,12.8144565217391,NA,NA,NA
"PMR- Pine",2021,484.98,11.2132417582418,14.0375824175824,121.24,19.1776666666667,0,306.84,-1.50822580645161,35.9477419354839,122.58,3.43587912087912,4.14956043956044
"PMR- Pine",2022,276.22,11.547032967033,0,342,19.5465,0,200.38,-1.03731182795699,21.79,48.96,5.30862637362637,0.0757142857142858
"PMR- Pine",2023,731.26,10.8681318681319,1.34857142857143,394.7,18.2901666666667,0,124.32,-2.07247311827957,12.4539784946237,107.44,1.99071428571429,4.31945054945055
"PMR- Pine",2024,NA,NA,NA,NA,NA,NA,NA,NA,NA,71.86,4.52175824175824,1.05879120879121
"Pearlwise",2020,76.73,12.2625274725275,0,0,21.1146666666667,0,165.39,1.95135869565217,1.63326086956522,NA,NA,NA
"Pearlwise",2021,73.28,13.8106043956044,0,14.93,21.1107222222222,0,87.37,1.78543010752688,1.66602150537634,82.44,5.14461538461538,0.0581318681318682
"Pearlwise",2022,109.7,10.7688461538462,0.501868131868132,9.57,22.4875555555556,0,26.37,2.58,2.29849462365591,111.26,5.15489010989011,0.845604395604395
"Pearlwise",2023,122.66,12.1224175824176,0.214505494505494,53,20.2237222222222,0,136.47,-0.527258064516129,3.42,199.92,3.25445054945055,12.9543956043956
"Pearlwise",2024,NA,NA,NA,NA,NA,NA,NA,NA,NA,119.39,5.60752747252747,4.0167032967033
"Peavine",2020,31.86,12.5937362637363,0,14.76,20.8355,0,70.62,2.79375,0.0241304347826087,NA,NA,NA
"Peavine",2021,41.14,14.4995604395604,0,13.3,21.2117222222222,0,102.12,2.52182795698925,1.1941935483871,107.6,6.28192307692308,0.00637362637362637
"Peavine",2022,44.8,11.6958241758242,0,81.92,21.0681111111111,0,19.62,3.36102150537634,0.116989247311828,484.54,5.62642857142857,0.491758241758242
"Peavine",2023,193.44,11.6988461538462,1.36769230769231,63.8,19.3062777777778,0,543.62,-0.573118279569892,13.1439784946237,277.78,4.50846153846154,1.28923076923077
"Peavine",2024,NA,NA,NA,NA,NA,NA,NA,NA,NA,100,6.17565934065934,0
"Plymouth",2020,37.48,13.9961538461538,0,23.9,21.2856666666667,0,141.24,3.91201086956522,0.835652173913044,NA,NA,NA
"Plymouth",2021,37,15.2610989010989,0,3.3,21.6496111111111,0,156.72,3.64064516129032,0.633333333333334,121.44,7.0271978021978,1.74758241758242
"Plymouth",2022,35.26,13.474010989011,0,26.16,22.1426666666667,0,26.2,4.18908602150538,0.185806451612903,493.34,7.03565934065934,0.506923076923077
"Plymouth",2023,144.38,13.5844505494505,2.10461538461538,102.62,20.8141111111111,0,818.64,0.381774193548387,18.5155913978495,400.32,5.31335164835165,0.454615384615385
"Plymouth",2024,NA,NA,NA,NA,NA,NA,NA,NA,NA,102.8,7.01104395604396,0.0145054945054945
"RedBluff",2020,156.28,10.7709340659341,0.103956043956044,55.35,18.1317777777778,0,83.87,-0.575597826086956,2.9154347826087,NA,NA,NA
"RedBluff",2021,155.75,11.768956043956,0,88.02,18.8301111111111,0,66.04,-1.58494623655914,9.91161290322581,50.8,2.6167032967033,2.54923076923077
"RedBluff",2022,266.23,9.57192307692308,4.98131868131869,81.66,19.7242777777778,0,45.02,-1.15870967741936,37.4278494623656,139.12,4.08945054945055,0.896593406593407
"RedBluff",2023,268.82,11.3299450549451,2.95681318681319,115.26,18.0137222222222,0,119.62,-3.23209677419355,14.1148387096774,122.96,-0.242032967032967,19.39
"RedBluff",2024,NA,NA,NA,NA,NA,NA,NA,NA,NA,72.25,3.60087912087912,2.37945054945055
"Rush_Valley",2020,39.09,13.5240659340659,0,4.37,21.7098333333333,0,71.92,1.55152173913043,5.03978260869566,NA,NA,NA
"Rush_Valley",2021,23.11,14.8957142857143,0,98.25,21.4511111111111,0,102.95,0.858924731182796,30.1161290322581,30,3.83736263736264,1.05659340659341
"Rush_Valley",2022,34.41,12.8635164835165,0.318021978021978,70.44,22.2629444444444,0,43.48,0.682795698924732,2.47182795698925,155.85,4.7582967032967,3.71593406593406
"Rush_Valley",2023,93.77,12.7249450549451,0.228241758241758,89.7,20.7555555555556,0,284.9,-1.24408602150538,10.1797849462366,140.51,2.69675824175824,2.83582417582418
"Rush_Valley",2024,NA,NA,NA,NA,NA,NA,NA,NA,NA,63.52,4.53950549450549,0.14956043956044
"SS",2020,203.42,11.0592307692308,2.0189010989011,52.42,18.6054444444444,0,124.56,-4.10483695652174,39.6829347826087,NA,NA,NA
"SS",2021,112.56,12.4928021978022,0.164395604395604,128.8,18.5443333333333,0,105.9,-4.2058064516129,27.5055913978495,72.96,0.612747252747253,8.87461538461539
"SS",2022,198.66,9.9743956043956,0.542197802197802,107.5,20.3635,0,18.84,-4.87623655913978,20.9861290322581,251.92,1.46846153846154,1.25604395604396
"SS",2023,204.1,10.6225274725275,10.0562637362637,194.54,18.3630555555556,0,201.52,-6.63145161290323,16.848064516129,214.96,-1.42478021978022,4.62384615384615
"SS",2024,NA,NA,NA,NA,NA,NA,NA,NA,NA,61.5,1.94813186813187,0.303076923076923
"SSHQ",2020,305.13,11.0592307692308,2.0189010989011,78.63,18.6054444444444,0,186.84,-4.10483695652174,39.6829347826087,NA,NA,NA
"SSHQ",2021,168.84,12.4928021978022,0.164395604395604,193.2,18.5443333333333,0,158.85,-4.2058064516129,27.5055913978495,109.44,0.612747252747252,8.87461538461538
"SSHQ",2022,297.99,9.9743956043956,0.542197802197802,161.25,20.3635,0,28.26,-4.87623655913978,20.9861290322581,377.88,1.46846153846154,1.25604395604396
"SSHQ",2023,306.15,10.6225274725275,10.0562637362637,291.81,18.3630555555556,0,302.28,-6.63145161290323,16.848064516129,322.44,-1.42478021978022,4.62384615384615
"SSHQ",2024,NA,NA,NA,NA,NA,NA,NA,NA,NA,92.25,1.94813186813187,0.303076923076923
"SSHigh",2020,476.64,9.69593406593406,10.7506593406593,96.15,17.5933333333333,0,304.2,-4.17494565217391,64.8509782608696,NA,NA,NA
"SSHigh",2021,225.12,11.3853296703297,6.91032967032968,271.68,17.8092222222222,0,241.8,-4.27564516129032,54.6937634408602,160.92,0.156868131868133,12.7764835164835
"SSHigh",2022,402.21,8.55571428571428,14.1243956043956,236.4,19.3040555555556,0,56.04,-5.03978494623656,69.6635483870968,574.95,0.817637362637362,2.64
"SSHigh",2023,345.42,9.64818681318681,29.5414285714286,343.26,17.3055,0,419.94,-6.57177419354839,34.6715053763441,499.59,-1.70516483516483,21.3713186813187
"SSHigh",2024,NA,NA,NA,NA,NA,NA,NA,NA,NA,187.02,1.54351648351648,0.987472527472528
"SouthEden",2020,354.84,9.1339010989011,25.291978021978,52.65,16.9268888888889,0,361.02,-3.84016304347826,94.044347826087,NA,NA,NA
"SouthEden",2021,208.38,10.433956043956,44.9884615384615,260.64,16.9810555555556,0,260.04,-3.68623655913978,82.5381720430108,345.93,0.867252747252746,21.3363736263736
"SouthEden",2022,272.46,8.42807692307692,29.3036263736264,252.63,17.8296666666667,0,239.91,-6.03091397849462,56.2939784946237,547.05,1.7689010989011,5.36703296703296
"SouthEden",2023,271.02,7.76725274725275,133.81967032967,233.49,16.8378888888889,0,714.21,-8.21016129032258,101.002580645161,430.17,-1.58637362637363,11.299010989011
"SouthEden",2024,NA,NA,NA,NA,NA,NA,NA,NA,NA,368.73,1.11071428571429,8.53274725274726
"Symstad1",2020,300.46,12.927967032967,2.13967032967033,209.76,21.1136666666667,0,145.34,-0.0707608695652177,9.12945652173913,NA,NA,NA
"Symstad1",2021,465.76,13.2362087912088,0,205.68,21.7058888888889,0,170.32,-1.98924731182796,7.3916129032258,66.44,3.69851648351648,0.996373626373626
"Symstad1",2022,418,12.3905494505495,0.286483516483516,183.94,22.508,0,79.44,-1.06591397849462,3.17752688172043,180.1,5.09,0.492747252747253
"Symstad1",2023,497.56,13.5485714285714,7.77868131868131,426.16,20.6702777777778,0,167.62,-2.0241935483871,11.0748387096774,66.42,1.45967032967033,3.20934065934066
"Symstad1",2024,NA,NA,NA,NA,NA,NA,NA,NA,NA,209.1,4.48818681318681,1.31758241758242
"Symstad2",2020,148.55,13.0281318681319,1.97153846153846,102.7,21.2083888888889,0,71.94,-0.00994565217391267,8.58260869565217,NA,NA,NA
"Symstad2",2021,226.99,13.3302197802198,0,102.07,21.7989444444444,0,83.03,-1.9610752688172,7.24827956989247,32.51,3.74406593406593,0.99010989010989
"Symstad2",2022,206.7,12.4920879120879,0.286373626373626,90.7,22.6081111111111,0,39.19,-1.01440860215054,3.09709677419355,88.75,5.14527472527473,0.476043956043956
"Symstad2",2023,244.4,13.6473626373626,7.27615384615385,211.59,20.7685555555556,0,81.34,-1.98801075268817,10.613440860215,32.26,1.49368131868132,3.16032967032967
"Symstad2",2024,NA,NA,NA,NA,NA,NA,NA,NA,NA,102.99,4.53587912087912,0.752197802197803
"TB FIRE",2020,175.1,11.8068681318681,0.792857142857142,114.72,20.2677777777778,0,65.08,-1.41864130434783,6.845,NA,NA,NA
"TB FIRE",2021,164.8,12.6434615384615,0.49076923076923,177.4,20.6642222222222,0,114.56,-3.35408602150538,4.43913978494624,40.02,2.29989010989011,0.424285714285714
"TB FIRE",2022,197.66,11.0630769230769,0.209230769230769,179.18,21.2807222222222,0,53.5,-2.07672043010753,2.94677419354839,150.1,4.05813186813187,1.42714285714286
"TB FIRE",2023,425.3,12.365989010989,4.91901098901099,247.68,19.9309444444444,0,120.78,-3.85177419354839,15.9682795698925,17.22,-0.0510439560439547,1.06868131868132
"TB FIRE",2024,NA,NA,NA,NA,NA,NA,NA,NA,NA,150.94,3.28236263736264,1.54483516483517
"TB LC Control",2020,176.2,11.8376373626374,0.796373626373626,116.94,20.3004444444444,0,51.76,-1.41097826086957,6.76097826086957,NA,NA,NA
"TB LC Control",2021,167.92,12.6932417582418,0.551978021978022,240.3,20.7126111111111,0,117.22,-3.33333333333333,4.55032258064516,40.06,2.30379120879121,0.437582417582418
"TB LC Control",2022,215.06,11.1068681318681,0.218571428571429,187.72,21.3177222222222,0,34.24,-2.03258064516129,1.50354838709677,148.12,4.07631868131868,1.43307692307692
"TB LC Control",2023,439.66,12.419010989011,5.15857142857143,230.38,19.9771666666667,0,123.38,-3.81467741935484,16.0211827956989,16.18,-0.0376923076923082,0.893296703296703
"TB LC Control",2024,NA,NA,NA,NA,NA,NA,NA,NA,NA,154.9,3.30505494505494,1.87263736263736
"TB PRAIRIE DOG",2020,177.78,11.8163186813187,0.82945054945055,118.34,20.2795555555556,0,51.82,-1.43119565217391,6.82434782608696,NA,NA,NA
"TB PRAIRIE DOG",2021,167.06,12.6715384615385,0.551978021978022,240.16,20.6907777777778,0,117.02,-3.34387096774194,4.52010752688172,40.1,2.30120879120879,0.425604395604396
"TB PRAIRIE DOG",2022,216.74,11.0900549450549,0.213736263736264,188.06,21.3077222222222,0,34.1,-2.03838709677419,1.48935483870968,148.64,4.04978021978022,1.43846153846154
"TB PRAIRIE DOG",2023,439.24,12.4054945054945,5.10978021978022,228.4,19.9665555555556,0,123.44,-3.82989247311828,16.0361290322581,16.14,-0.0332417582417586,0.886043956043956
"TB PRAIRIE DOG",2024,NA,NA,NA,NA,NA,NA,NA,NA,NA,154.24,3.30285714285714,1.89
"WI",2020,334.68,14.5544505494505,0,13.2,21.9857222222222,0,206.02,3.71554347826087,0,NA,NA,NA
"WI",2021,130,16.4551098901099,0,40.22,22.6483888888889,0,155.92,3.38704301075269,0.750967741935484,126.28,5.28543956043956,0.236593406593406
"WI",2022,221.82,13.322032967033,0,33.22,24.2201111111111,0,108.16,2.03768817204301,1.65838709677419,147.8,6.50274725274725,0.142637362637363
"WI",2023,168.26,15.1081318681319,0,121.66,22.2534444444444,0,122.64,1.36833333333333,0.0951612903225806,199.08,3.9339010989011,0.187802197802198
"WI",2024,NA,NA,NA,NA,NA,NA,NA,NA,NA,144.86,6.01620879120879,0.0187912087912088
"Woodruff",2020,172.26,9.52917582417582,6.97461538461538,21.48,17.1446111111111,0,175.68,-3.93684782608696,49.736847826087,NA,NA,NA
"Woodruff",2021,62.2,11.0490659340659,15.8086813186813,166.52,17.7211666666667,0,134.74,-2.95827956989247,50.3160215053763,146.96,0.728626373626374,17.3159340659341
"Woodruff",2022,157.56,9.13994505494505,11.0568131868132,206.88,18.3668888888889,0,106.28,-4.78096774193548,36.818064516129,266.3,2.32901098901099,3.74923076923077
"Woodruff",2023,165.66,8.77082417582418,61.1739560439561,191.3,17.1912777777778,0,326.58,-7.59322580645161,64.081935483871,225.22,-1.26681318681319,10.0060439560439
"Woodruff",2024,NA,NA,NA,NA,NA,NA,NA,NA,NA,123.56,1.70912087912088,3.70450549450549
"dino",2020,53.84,15.1696703296703,0,1.37,22.5935555555556,0,42.39,-1.54722826086957,13.104347826087,NA,NA,NA
"dino",2021,27.96,16.1085714285714,0,91.87,22.4972777777778,0,36.46,-1.53462365591398,21.4694623655914,28.28,2.39697802197802,1.60186813186813
"dino",2022,72.33,14.5542307692308,0,62.11,23.3380555555556,0,36.64,-0.461236559139785,35.3135483870968,110.49,3.91225274725275,1.44428571428572
"dino",2023,30.63,14.3085164835165,6.39054945054945,30.58,22.2050555555556,0,103.81,-6.47655913978495,37.4417204301075,79.55,0.87021978021978,3.49406593406594
"dino",2024,NA,NA,NA,NA,NA,NA,NA,NA,NA,18.33,3.57197802197802,0
