"data_column","site_clean","bioclim_1","bioclim_2","bioclim_3","bioclim_4","bioclim_5","bioclim_6","bioclim_7","bioclim_8","bioclim_9","bioclim_10","bioclim_11","bioclim_12","bioclim_13","bioclim_14","bioclim_15","bioclim_16","bioclim_17","bioclim_18","bioclim_19","genotype","Latitude","Longitude","SNPmatrix_column","source"
"AAFC04","AAFC4",4.16396461279729,12.8017762001872,37.230804798599,796.980363070982,23.5993333333333,-10.7855698924731,34.3849032258065,-4.90263578255675,-0.163723388715268,13.8913790322581,-5.57234328118839,439.417,51.2143333333333,24.2593333333333,26.8532126423343,143.878666666667,78.5863333333333,104.105,120.409333333333,1,50.08,-120.65,4,"genotype"
"AAFC05","AAFC5",4.0805930084353,12.6133362936331,36.840918815135,796.577690697553,23.4918602150538,-10.7454408602151,34.2373010752688,-4.96825848267622,-0.252216377250443,13.8046833333333,-5.65507575598402,479.480333333333,55.4726666666667,27.9386666666667,25.5695056566647,152.958,86.405,119.535666666667,127.798,2,50.09,-120.45,5,"genotype"
"AAFC06","AAFC6",7.48694238417466,11.9935233868025,34.8636185464783,835.035378870688,26.963440860215,-7.43781720430108,34.4012580645161,-2.06518697729988,3.14476953669862,17.6885894862605,-2.77452807381512,359.440666666667,43.8473333333333,17.8336666666667,29.5067971176692,122.659333333333,61.3916666666667,82.8646666666667,100.900666666667,3,50.09,-120.75,6,"genotype"
"AAFC08","AAFC8",6.50524202836338,11.9590600353273,35.45901536925,814.917400410236,25.8286989247312,-7.8977311827957,33.7264301075269,-2.79713285543608,16.1069554958184,16.4178740143369,-3.49549078738281,479.577,61.5373333333333,24.7746666666667,31.9924940905071,177.572,84.2356666666667,96.8133333333333,151.788,5,49.57,-120.55,7,"genotype"
"AAFC09","AAFC9",7.12812154223387,10.4040822761622,32.3881454646299,814.391879048341,25.8612688172043,-6.26184946236559,32.1231182795699,-1.87691063321386,2.49697368386979,17.2590465352449,-2.6342193268829,451.609666666667,55.477,26.8863333333333,26.7172830407165,139.393666666667,85.0746666666667,114.545333333333,122.680333333333,6,49.62,-119.8,8,"genotype"
"AAFC10","AAFC10",5.36381443424793,11.2525777221604,34.3563538427596,805.470407667606,24.2457849462366,-8.50675268817204,32.7525376344086,-3.64025896057348,15.00277520908,15.2963696535245,-4.33803348164627,512.205,59.3426666666667,28.2956666666667,27.587198801129,172.661333333333,93.2843333333333,118.975,150.049333333333,7,49.71,-120.05,9,"genotype"
"Adler05","Adler5",10.8625481283584,11.8347266463031,31.8892736043004,919.035455611194,31.9270215053763,-5.18491397849462,37.111935483871,9.81029611708483,22.6285834528076,22.6285834528076,-0.0924238545473807,618.289,85.546,16.9666666666667,39.5458974082578,224.994666666667,71.002,71.002,177.931666666667,9,40.79,-111.87,11,"genotype"
"Adler13","Adler13",5.55866202486155,15.5301503883651,38.4336932438781,911.753907069706,28.3167741935484,-12.0908709677419,40.4076451612903,9.48588888888889,16.8771675029869,16.8771675029869,-5.72827507857054,320.232333333333,42.66,14.631,24.4333322274953,101.544666666667,64.3323333333333,64.3323333333333,70.895,14,41.44,-111.08,13,"genotype"
"Adler16","Adler16",4.70319623398426,16.1051419097351,37.821268235565,959.93047880676,28.366247311828,-14.2159892473118,42.5822365591398,8.99181917562724,-7.14193907839987,16.6888287335723,-7.14193907839987,198.407,33.076,10.8953333333333,38.0539279381737,72.779,33.8493333333333,46.239,33.8493333333333,16,41.78,-110.2,15,"genotype"
"Adler17","Adler17",5.5591606636342,15.3143853190052,37.6071640950502,932.643914405471,28.2846344086022,-12.4373548387097,40.7219892473118,9.58543841099164,-5.7916728771239,17.3236205495818,-5.7916728771239,214.861,31.6103333333333,9.05633333333333,34.7549449464887,75.1636666666667,31.7426666666667,53.9586666666667,31.7426666666667,17,41.44,-110.11,16,"genotype"
"Adler18","Adler18",10.1341174432865,14.8324862530236,35.5459937192014,964.261622945565,33.6861397849462,-8.04144946236559,41.7275892473118,9.442,22.4691790919952,22.4691790919952,-1.38721469519337,177.132,26.495,7.445,35.7519118632897,64.8586666666667,27.99,27.99,42.3626666666667,18,40.86,-114.22,17,"genotype"
"Barnett01","Barnett1",4.02094565919805,15.4280033666155,38.0289142150858,899.90072934926,26.9364731182796,-13.6326666666667,40.5691397849462,-5.88839844683393,14.6612234169654,15.0806345280765,-7.12047710036431,636.383666666667,73.6513333333333,26.142,27.7114049645368,211.472,98.463,105.873333333333,207.51,19,43.48,-110.74,18,"genotype"
"Baughman2","Baughman2",9.35233231349795,15.1501036696418,40.1033198495226,802.135553060603,31.8519569892473,-5.92572258064516,37.7776795698925,8.08974050179211,19.5521677419355,19.6171381123059,0.105998788041975,368.269666666667,51.4216666666667,4.80866666666667,50.413924849394,132.991333333333,21.4913333333333,38.727,117.706666666667,21,43.05,-118.87,19,"genotype"
"Baughman3","Baughman3",9.09635399801219,14.6398681714986,39.6365400868229,790.280184149894,31.089,-5.84628279569892,36.9352827956989,7.58968954599761,19.2705975507766,19.2727401433692,0.123484271618671,439.454,57.9,5.209,50.8045868380399,156.993333333333,24.687,44.4893333333333,143.700666666667,20,42.81,-118.96,20,"genotype"
"Board1","Board1",8.27684404732478,13.6311398711678,38.4924524763913,785.982587739735,28.0094623655914,-7.40303799283154,35.4125003584229,6.67131481481482,18.1634495818399,18.5202162485066,-0.718091134476285,268.784,38.907,10.715,37.1620375138024,99.5473333333333,36.3206666666667,39.237,77.3393333333333,27,38.84,-117.57,24,"genotype"
"Bradford01","Bradford1",7.69815836574,16.7225420871074,46.4788572445166,732.06038717064,26.9680322580645,-9.01078279569892,35.9788150537634,16.529338172043,10.6417480286738,17.0838363201912,-0.95948159080342,573.617333333333,92.0493333333333,9.42233333333333,46.8799479928374,217.958333333333,58.4973333333333,178.964333333333,166.405,28,35.23,-111.62,25,"genotype"
"Chambers01","Chambers1",12.3733771078315,14.4066410236094,39.1204723662134,818.0468799959,33.4721612903226,-3.35418602150538,36.826347311828,2.90872844327324,22.6120826762246,22.8990734169654,2.90872844327324,239.666666666667,40.103,6.234,54.7446205838198,108.555666666667,20.0863333333333,27.289,108.555666666667,29,39.55,-119.58,26,"genotype"
"Chambers02","Chambers2",11.4215786415388,17.3770549339066,41.9567884268105,861.022838913503,34.8464623655914,-6.57008924731183,41.4165516129032,1.32850674058772,21.9072013739546,22.453508781362,1.32850674058772,155.252,22.126,2.492,45.5359141526252,54.74,11.4723333333333,17.4313333333333,54.74,30,39.95,-118.76,27,"genotype"
"Chambers04","Chambers4",10.4084822660466,16.2985802072114,40.9195258123806,840.268036099502,33.755064516129,-6.07574946236559,39.8308139784946,1.26789390681004,20.932145041816,21.2169783751493,0.648066160960739,319.305,47.674,3.47266666666667,52.702186170186,120.349,19.229,24.511,118.402333333333,32,41.31,-117.63,28,"genotype"
"Chambers05","Chambers5",9.55214524787977,15.0987843750552,39.7441586873772,819.200672640924,31.8406559139785,-6.14928996415771,37.9899458781362,0.753074850657109,19.9189478494624,20.0844552568698,0.105449928197704,381.655,57.5906666666667,3.492,54.5500776811445,146.814666666667,20.6783333333333,28.328,145.74,33,41.54,-117.75,29,"genotype"
"Chambers06","Chambers6",10.1802476996045,16.0052371159019,40.8154204544191,830.640020582403,33.2171182795699,-5.99658315412186,39.2137014336918,1.14939444444444,20.6112071684588,20.8248405017921,0.519704597701149,340.742,50.9983333333333,3.054,53.7296239365754,130.407,18.943,26.2023333333333,128.486333333333,34,41.54,-117.78,30,"genotype"
"Chambers07","Chambers7",10.3744565161688,15.0263574716322,38.2384379035847,883.59242450185,33.7840107526882,-5.5124623655914,39.2964731182796,0.38183614097969,21.2068664874552,21.4151127837515,-0.208067065551965,508.148666666667,84.2986666666667,6.04566666666667,59.2171578689217,220.392,27.938,37.7496666666667,211.316,35,43.94,-116.19,31,"genotype"
"Chambers08","Chambers8",8.78024284331209,14.7523644924402,38.6161312406722,840.5815988849,31.0112903225806,-7.19130537634409,38.2025956989247,7.75739868578256,19.2469419354839,19.5128289725209,-1.13224314288068,370.982,50.463,7.34533333333333,44.7699816609284,129.337666666667,35.428,45.3893333333333,118.113333333333,36,42.24,-114.57,32,"genotype"
"Chambers09","Chambers9",10.4724220184023,16.438264801499,40.4028757753981,870.516225031482,34.1395483870968,-6.54632974910394,40.6858781362007,9.33461583034648,21.2672770011947,21.6801788530466,0.268968599296102,246.697333333333,37.2903333333333,4.50966666666667,47.1868812311926,91.6896666666667,21.3376666666667,25.8273333333333,79.2913333333333,37,40.66,-116.73,33,"genotype"
"Copeland01","Copeland1",9.55952345459535,13.7876091029274,36.3924339824544,870.869835103137,31.8802150537634,-6.00570681003584,37.8859218637993,8.89600286738351,20.2697079450418,20.6182246117085,-0.704834915190894,357.557666666667,49.007,6.62966666666667,44.5612792860507,122.238,29.9533333333333,45.5916666666667,114.435333333333,38,43.7,-117.33,34,"genotype"
"Copeland05","Copeland5",9.99201020938903,14.341506583888,38.6341308864199,816.645354597622,31.9448602150538,-5.17647849462366,37.1213387096774,8.49517066905615,20.4430426523297,20.497988948626,0.655330443290899,292.578333333333,40.9573333333333,4.17666666666667,49.5668342633823,103.503,18.429,32.9243333333333,97.504,39,42.27,-118.71,35,"genotype"
"Copeland09","Copeland9",7.78048238191612,15.0471580079424,40.6963661687493,776.0664240513,29.8510430107527,-7.1231623655914,36.9742053763441,-0.533105615292712,17.7310498805257,17.7310498805257,-1.15712339945619,305.58,41.29,5.379,47.9514651114389,110.554,21.501,21.501,104.626666666667,40,43.47,-119.68,36,"genotype"
"Downs01","Downs1",12.1007908475614,12.8142856601397,36.6629759394564,836.035916664067,32.6390107526882,-2.31255913978495,34.9515698924731,2.55223655913979,22.0366805854241,22.5079083632019,2.03960879048443,204.011666666667,30.2413333333333,4.08966666666667,47.5105103760752,83.6513333333333,15.7183333333333,24.8963333333333,78.6493333333333,42,46.38145,-119.430272,38,"genotype"
"Downs02","Downs2",10.0789753120384,13.2707776295384,38.148699681009,798.959078674807,30.6459139784946,-4.14105842293907,34.7869724014337,0.959421266427718,19.7216272998805,20.0307532258065,0.54822890645691,321.264,48.5483333333333,7.36533333333333,46.6020143726654,126.426,26.1643333333333,38.4896666666667,119.710333333333,43,46.25045,-119.53334,39,"genotype"
"Downs03","Downs3",8.22670809236159,11.4526369077782,35.878110233549,750.554938731937,27.4379032258065,-4.4830559139785,31.920959139785,0.119360334528076,17.7421543010753,17.7421543010753,-0.434309566037514,520.588,96.68,4.833,68.0725776572908,251.794,26.964,26.964,241.897666666667,44,45.9663,-120.3671,40,"genotype"
"Fleishman_01","Fleishman1",8.11996144753724,15.6122620396855,45.3799837305895,692.892236024559,27.7815161290323,-6.62189426523297,34.4034103942652,0.226326315835938,16.9566860215054,17.0736193548387,0.226326315835938,557.775333333333,101.548666666667,7.352,75.0413219087432,278.547666666667,26.4423333333333,27.2883333333333,278.547666666667,45,38.47,-119.49,43,"genotype"
"Fleishman_05","Fleishman5",7.27341532166105,13.4697728552742,38.6808812709393,768.606416546448,26.8276344086022,-7.9951835125448,34.822817921147,5.51652186379928,17.0563451612903,17.3088155316607,-1.45382419722678,340.286666666667,44.9776666666667,12.5383333333333,39.3565092018536,127.232333333333,41.6603333333333,45.0773333333333,101.908666666667,46,39.12,-117.27,45,"genotype"
"Fleishman_07","Fleishman7",6.71099540954529,12.9704747577408,38.2544016344496,751.359490460482,25.7419892473118,-8.16384695340502,33.9058362007168,4.89610800477897,16.3350154121864,16.5479191158901,-1.75122391737439,364.203,49.275,11.1506666666667,41.3351731329428,139.06,41.8993333333333,46.521,107.491,47,39.17,-117.44,46,"genotype"
"Getts1","Getts1",8.70813099556532,15.5489194622479,42.9488852301243,737.102202930135,30.2507096774194,-5.95260358422939,36.2033132616487,1.08704581839904,18.2062329749104,18.2062329749104,0.380358151914826,479.236666666667,69.8813333333333,5.89633333333333,56.3821823988221,179.21,22.4843333333333,22.4843333333333,177.728,48,41.17,-120.5,47,"genotype"
"Getts3","Getts3",9.83412047807381,16.1614722743083,44.1111130141777,746.350146285232,31.4569892473118,-5.18110752688172,36.6380967741935,1.19495413451748,19.2470113500597,19.2608724611708,1.19495413451748,594.803666666667,103.346,3.105,76.977475807341,300.784,15.3176666666667,24.2423333333333,300.784,49,40.43,-120.67,48,"genotype"
"Holdrege1","Holdrege1",7.19396564767731,13.8390495128332,35.8571745099218,899.584579527356,29.2731612903226,-9.32176344086022,38.5949247311828,6.3166004181601,18.5021593787336,18.5021593787336,-3.78804732565873,505.378,57.772,14.8403333333333,35.8019047652422,171.743333333333,61.0173333333333,61.0173333333333,151.848666666667,51,41.61,-111.57,50,"genotype"
"Hufft1","Hufft1",10.2829253207194,15.017184957051,37.3663861287145,918.066501416552,31.9528387096774,-8.23618279569892,40.1890215053763,16.5848004778973,19.3646147550777,21.8763871565114,-0.942312874828587,346.702333333333,37.057,14.4203333333333,19.4212241739239,103.357333333333,72.178,72.2003333333333,86.1086666666667,52,38.6701,-108.3286,51,"genotype"
"Lavin01","Lavin1",6.40617588634638,13.720365391146,35.672123037439,897.195277779403,27.6793010752688,-10.7831290322581,38.4624301075269,10.2898329151732,-4.41318534350336,17.7951241338112,-4.41318534350336,316.470666666667,62.5136666666667,9.23533333333333,58.508662291631,143.315,33.143,92.686,33.143,59,44.68,-109.07,52,"genotype"
"Lavin02","Lavin2",6.76111688641406,14.2666069523162,37.772125892508,846.365677498436,28.4858494623656,-9.28434910394265,37.7701985663082,10.2510691158901,-3.37418944359106,17.4223209080048,-3.37418944359106,496.808,79.1393333333333,22.517,46.8811448310307,216.842333333333,73.0586666666667,139.610666666667,73.0586666666667,60,45.67,-111.03,53,"genotype"
"Lee1","Lee1",16.7103639076855,16.1849185265374,41.3390448579201,855.18549812276,37.759311827957,-1.39233906810036,39.1516508960573,8.67977241688296,20.3116975507766,27.592610692951,6.62050091150661,133.366666666667,26.4066666666667,3.003,54.8878127218429,61.401,17.5436666666667,20.278,58.707,61,36.82340833,-116.0163889,54,"genotype"
"Lee2","Lee2",16.4853095534942,13.3188560154287,38.4156355301171,813.865542001339,35.1497741935484,0.479370250896058,34.6704039426523,8.66871867992655,19.565932078853,26.8978,7.00312483285367,200.14,42.0686666666667,0.454,66.4582277338564,97.962,13.1433333333333,30.6323333333333,95.73,62,35.3984,-115.7845,55,"genotype"
"Lee3","Lee3",14.8987405354127,15.3219418513222,41.4282720051165,816.36118918352,34.9247634408602,-2.05950143369176,36.984264874552,7.08395718346664,18.154424432497,25.3839943847073,5.3820838859756,220.003,44.491,3.113,62.0675626602109,105.462,22.0373333333333,31.9043333333333,101.544333333333,63,36.5247,-115.8987,56,"genotype"
"Lee4","Lee4",15.2335178516988,12.627364306019,38.0395578723836,790.266613089371,33.4065268817204,0.2111770609319,33.1953498207885,7.5562289934142,18.09015,25.377345041816,6.07744936378457,226.441,47.133,0.875333333333333,64.6939564776678,106.615,16.412,41.7953333333333,105.222666666667,64,35.4564,-115.52,57,"genotype"
"Leger 1","Leger1",11.071168200043,15.8628243689343,43.0708059145503,767.368483384362,32.5155913978495,-4.3140523297491,36.8296437275986,2.191114078547,20.7238278375149,20.8988037634409,2.191114078547,308.124666666667,54.288,5.64266666666667,68.7560982810711,157.059666666667,19.4206666666667,24.4016666666667,157.059666666667,65,39.49,-119.84,60,"genotype"
"Maron1","Maron1",7.74983941243504,14.0874237110164,37.5200241083071,846.363163835385,30.1107419354839,-7.43567240143369,37.5464143369176,11.5412759856631,17.9619570489845,18.3972181600956,-2.34728088072579,395.925666666667,55.1463333333333,22.5426666666667,28.1633680461611,136.302666666667,72.667,101.054333333333,92.4136666666667,66,46.68,-114.03,61,"genotype"
"Maron2","Maron2",6.13247892878478,14.9060158360112,39.7105815981074,821.212048086894,28.2909462365591,-9.24568817204301,37.5366344086022,9.5934752688172,16.1459952807646,16.4290249103943,-3.69670961341526,404.582333333333,57.1016666666667,19.0183333333333,34.4935762259269,146.917,67.311,95.6066666666667,91.3173333333333,67,46.64,-113.23,62,"genotype"
"Porensky30","Porensky30",7.55439203516841,14.1994305961651,39.2323070686221,817.809255534157,27.558376344086,-8.63483189964158,36.1932082437276,10.750545041816,-2.02532702061668,18.1584078853047,-2.02532702061668,525.040666666667,83.972,15.5503333333333,49.9812690605194,209.525666666667,51.2113333333333,166.625666666667,51.2113333333333,71,40.63,-105.27,63,"genotype"
"Pyke21","Pyke21",9.73925446678702,11.9610540388056,33.2808966036576,902.858771866101,30.584623655914,-5.3550752688172,35.9396989247312,-0.603942712066906,20.5371149342891,20.8156075268817,-1.21726014957831,279.617333333333,49.5026666666667,6.08533333333333,52.8199113487092,120.802333333333,23.0293333333333,34.6553333333333,112.329,74,47.61803776,-119.6830115,64,"genotype"
"Pyke3","Pyke3",10.2787130256796,14.3570441352384,41.9425077778472,712.443623860371,30.9865483870968,-3.24374659498208,34.2302949820789,2.72867186379928,19.4397614097969,19.4397614097969,2.11404063318443,345.947,43.7813333333333,7.92033333333333,45.2452953610031,125.385333333333,26.8246666666667,26.8246666666667,114.997333333333,72,44.60456358,-120.1924183,65,"genotype"
"Pyke8","Pyke8",11.395040333763,12.8621671860562,36.2986165408314,851.289153761027,32.1848924731183,-3.24942544802867,35.434317921147,1.60187317801673,21.5065641577061,21.9529734169654,1.13552704592404,223.307333333333,33.0826666666667,3.61833333333333,48.618313392153,91.563,16.3606666666667,24.5426666666667,85.2096666666667,73,46.74830998,-119.361636,66,"genotype"
"Pyle001","Pyle1",10.6857667596565,15.0203182497013,39.2693427566964,831.375659505701,33.2997634408602,-4.94971362007168,38.2494770609319,9.29964289127838,21.2656096774194,21.3757281959379,1.1294839442414,270.736666666667,39.0396666666667,3.50933333333333,48.8863765696408,96.4203333333333,17.0683333333333,31.443,85.2626666666667,75,42.35,-118.65,67,"genotype"
"Pyle009","Pyle9",7.90528903308202,15.2337187268629,40.8507577156705,779.469516085937,30.1282903225806,-7.16286308243728,37.2911534050179,-0.47495017921147,17.877847311828,17.877847311828,-1.09347086886664,295.233,40.4123333333333,5.02533333333333,47.4326432517541,105.391,21.2216666666667,21.2216666666667,99.9543333333333,76,43.42,-119.62,68,"genotype"
"Pyle010","Pyle10",8.46633219406042,15.609706503699,42.1869022706986,758.199735376201,30.5377849462366,-6.46352508960574,37.0013100358423,7.07897108721625,18.1997710872162,18.1997710872162,-0.196960172384366,270.584,36.9556666666667,5.49433333333333,46.3498604784592,95.1273333333333,20.085,20.085,86.248,77,43.19,-120,69,"genotype"
"Pyle017","Pyle17",6.53535929707317,12.6805129422168,37.9341606782788,738.901728068409,26.6391182795699,-6.78856989247312,33.427688172043,-1.19086589008363,16.1913531660693,16.1913531660693,-1.77126275197015,603.484666666667,93.45,11.2913333333333,52.253152319678,240.871333333333,39.7286666666667,39.7286666666667,233.822,81,44.36,-118.93,70,"genotype"
"Pyle019","Pyle19",10.9664288792736,15.3068093359906,42.5618741778353,736.04042335249,32.7259462365591,-3.23771756272401,35.9636637992832,3.0581440860215,20.3595660692951,20.3595660692951,2.5189701168553,334.597,45.3366666666667,8.272,45.5813229196732,118.556333333333,26.552,26.552,110.678333333333,82,44.57,-119.65,71,"genotype"
"Reed01","Reed1",12.6422122168003,15.1600070796623,36.1413430287982,985.782532400443,35.2579784946237,-6.6884623655914,41.9464408602151,19.3618457586619,22.3414382915173,24.9844006571087,0.471919297308591,275.549,33.488,11.506,22.5713025960583,89.076,55.45,57.5943333333333,64.0176666666667,83,38.52,-109.47,72,"genotype"
"Reed03","Reed3",12.7916590356863,15.0153975931517,35.0652794928836,1020.65522551139,35.7619569892473,-7.05931182795699,42.8212688172043,19.6922126642772,0.954478315412186,25.5234437873357,0.142859559710672,216.14,30.4286666666667,9.888,27.2302526291169,73.814,44.4203333333333,47.978,46.1136666666667,84,38.75,-109.79,73,"genotype"
"Schupp01","Schupp1",9.41499522614045,14.6803164164621,36.8443638869412,914.595985739557,31.8300322580645,-8.0140982078853,39.8441304659498,4.01656053419143,21.1749457586619,21.1749457586619,-1.44600655063533,418.802,48.7633333333333,11.971,37.4093475469053,140.136666666667,47.0223333333333,47.0223333333333,135.051333333333,13,39.85,-112.15,74,"genotype"
"Schupp02","Schupp2",9.44881276197539,15.0678252723485,37.4476045845686,909.602823733939,32.1823010752688,-8.05478602150538,40.2370870967742,8.2402802270012,21.1867253882915,21.1867253882915,-1.27756275138161,414.586,47.9203333333333,17.0813333333333,30.5479290693384,135.820333333333,59.621,59.621,126.429,12,40.2,-112.46,75,"genotype"
"Schupp03","Schupp3",10.6868287514125,16.4138191062527,39.9873737573341,902.44521239894,33.2880215053763,-7.75948315412186,41.0475046594982,5.48510275953293,22.2404470131422,22.2404470131422,-0.101342461494547,249.006666666667,29.6113333333333,11.5376666666667,22.125302503848,73.6936666666667,48.139,48.139,64.2776666666667,86,38.6,-113.79,76,"genotype"
"Schupp04","Schupp4",9.12548968739517,14.6074994685453,37.7764138360293,880.136544882683,30.3743010752688,-8.29400537634409,38.6683064516129,7.75922520908005,20.4966348864994,20.4966348864994,-1.21737697323893,321.530666666667,36.5133333333333,15.5356666666667,20.8453871964327,94.1266666666667,64.4666666666667,64.4666666666667,80.8746666666667,87,38.52,-113.55,77,"genotype"
"Schupp05","Schupp5",11.399376240061,16.9273527994067,39.386655036041,956.552979956229,35.3447419354839,-7.63263906810036,42.9773810035842,10.7272965352449,23.5883772401434,23.5883772401434,-0.144474908334363,242.624666666667,28.6896666666667,10.0886666666667,26.833496143952,79.352,37.4976666666667,37.4976666666667,62.5703333333333,88,39.11,-112.74,78,"genotype"
"Shriver02","Shriver2",6.83913233979848,11.4491568407872,34.0542524237505,814.028304727807,27.1331075268817,-6.48723655913978,33.6203440860215,10.4035636798088,16.7527712066906,17.1375730585424,-2.77197129791479,749.448666666667,100.475666666667,29.1223333333333,30.3626073075053,242.169,111.375,163.78,200.861333333333,102,48,-114.04,79,"genotype"
"Symstad1","Symstad1",7.51634462089712,14.8328698694464,35.960290930542,967.509967678481,30.1037956989247,-11.1441182795699,41.2479139784946,11.6763601553166,-2.67302072879331,19.8337161290323,-4.15314887602922,474.209333333333,77.174,16.375,52.3644792120325,204.734333333333,52.7706666666667,165.436,55.5,89,44.59,-104.71,80,"genotype"
"Symstad2","Symstad2",7.06513836810154,12.6037467275515,34.9528627201062,876.050290892041,26.7058709677419,-9.35339784946236,36.0592688172043,15.3807219235364,-1.65991493428913,18.3897846475508,-3.1549097892426,631.572,123.205333333333,11.452,69.4722698602459,312.085333333333,41.6406666666667,251.510666666667,42.231,90,43.87,-103.46,81,"genotype"
"Symstad3","Symstad3",7.9051708884725,13.6289442489745,36.2200022905084,899.790775794722,28.4011935483871,-9.22703225806452,37.6282258064516,16.4694352449223,-1.26788596176822,19.4497972520908,-2.72182731827251,560.03,105.460333333333,9.713,68.4596450597469,273.269666666667,36.5503333333333,226.875666666667,39.3116666666667,91,43.62,-103.47,82,"genotype"
"Urza1","Urza1",11.1274936101842,15.5730349899359,39.8387962172565,846.699141564161,33.4642795698925,-5.62584480286738,39.0901243727599,1.29609212293495,21.6488666666667,21.9756777777778,1.29609212293495,212.16,33.0413333333333,4.35466666666667,49.7800376686022,87.3993333333333,16.674,25.3146666666667,87.3993333333333,31,40.35,-119.34,83,"genotype"
"Urza2","Urza2",10.4460817544185,14.3534027128909,38.0923138342644,841.257458980984,32.2030107526882,-5.47756379928315,37.6805745519713,0.798995715403947,21.0821290322581,21.2286308841099,0.798995715403947,277.211333333333,39.2063333333333,6.06333333333333,46.6658118056663,102.596333333333,21.4573333333333,34.1873333333333,102.596333333333,93,40.84,-119.56,84,"genotype"
"Wilcox02","Wilcox2",5.58120122490598,14.8809911115231,39.1215861350048,853.707352425024,27.0398387096774,-10.9979623655914,38.0378010752688,13.8168557945042,-4.53184743012518,16.5527572281959,-4.53184743012518,312.452333333333,48.1986666666667,9.97366666666667,47.4569326308519,126.188666666667,32.8973333333333,108.255,32.8973333333333,95,41.31,-105.66,85,"genotype"
"Chynoweth01","Chynoweth1",8.7174037131204,14.5744914724473,34.9795287728125,973.204131089614,31.0960752688172,-10.5696989247312,41.6657741935484,15.5697001792115,20.8605272401434,20.8605272401434,-3.40113030880873,283.095666666667,37.456,14.854,29.5466197857932,95.5066666666667,54.5093333333333,54.5093333333333,60.57,26,39.76604,-109.5635,86,"genotype"
"Chynoweth02","Chynoweth2",8.60638357533503,16.718305234873,35.6930400249765,1067.3045432681,33.1191935483871,-13.7199247311828,46.8391182795699,15.8706931899642,21.4741353046595,21.4741353046595,-5.24511593760851,229.276333333333,31.9406666666667,11.8863333333333,34.5293392495725,81.44,43.973,43.973,44.1746666666667,96,40.29092,-109.68361,87,"genotype"
"Chynoweth05","Chynoweth5",8.27395500975511,15.8223927834278,35.4220821416612,1026.89104452548,32.0797311827957,-12.5884301075269,44.6681612903226,15.3609215053763,-3.47216117084827,20.8587157706093,-4.82073826444433,253.874333333333,34.7176666666667,15.324,30.7109202672866,86.716,49.2806666666667,51.99,49.947,98,40.480805,-109.438229,88,"genotype"
"Chynoweth07","Chynoweth7",7.98449297021676,15.5366086092131,35.5813865456741,1002.71342482687,31.3391397849462,-12.3258494623656,43.6649892473118,14.9783952807646,-3.40802909199522,20.3332738351254,-4.7158486687148,267.621,35.9393333333333,15.8283333333333,30.471927945063,91.6766666666667,50.4243333333333,55.2716666666667,51.9576666666667,99,40.533605,-109.523564,89,"genotype"
"Chynoweth08","Chynoweth8",5.39329842226224,14.6367067294054,36.9876540367194,894.095569233997,26.8762043010753,-12.6956666666667,39.5718709677419,11.8292710274791,-4.36815764635603,16.6727688769415,-5.52822160366309,409.511333333333,48.955,25.5253333333333,25.2456264682757,128.928666666667,79.8156666666667,85.5776666666667,82.5223333333333,100,40.640878,-109.48689,90,"genotype"
"Germino BOP 01","GerminoBOP1",11.0776846753595,13.6968348407402,36.2492331251006,874.316261921822,33.2396451612903,-4.54552616487455,37.7851713261649,1.24991379928315,21.8257687574671,22.123983572282,0.694591449347011,370.024666666667,55.4586666666667,4.65866666666667,51.816167840478,141.084666666667,22.548,33.795,135.229,104,43.4720833,-116.2338306,91,"genotype"
"Mancillas01","Mancillas1",13.7169322788107,15.1194981994986,44.3793618057273,730.361441831128,30.8492222222222,-3.2195376344086,34.0687598566308,21.6754831541219,13.4956228793309,22.6807850059737,4.6772888523992,396.022,84.3576666666667,9.98233333333333,72.069605284802,211.449333333333,37.3026666666667,185.126333333333,65.6336666666667,150,32.368,-106.56,106,"genotype"
"Davies03","Davies3",5.34017823868084,10.5719024645255,34.995512819426,712.372905112128,23.272935483871,-6.93637311827957,30.2093086021505,3.10731296296296,14.8786728195938,14.8786728195938,-2.34376040250484,763.166666666667,101.729333333333,8.99166666666667,53.2447255209433,273.068666666667,39.726,39.726,272.356333333333,103,42.68,-118.68,108,"genotype"
"Pyle015","Pyle15",6.21019782058695,14.0648515320521,39.2622170739459,766.90152173596,27.5606666666667,-8.26219964157706,35.8228663082437,-1.95079193548387,16.0607945639188,16.0607945639188,-2.57264617284932,486.004666666667,77.56,7.70566666666667,54.485157124786,195.355333333333,28.982,28.982,194.551333333333,79,43.8,-119,110,"genotype"
"Chynoweth03","Chynoweth3",9.87949530003943,16.1913967990595,35.953133001591,1031.79280297881,33.7610107526882,-11.2737204301075,45.0347311827957,16.992924432497,-1.97994253285544,22.5115103345281,-3.26897387750057,226.17,30.996,11.4376666666667,34.559185754529,79.954,40.536,45.748,41.405,97,39.83576,-109.61202,113,"genotype"
"Boise_High","BoiseHigh",8.03408062544509,12.6360351105873,35.7782140169874,817.070905725963,28.8751075268817,-6.44257240143369,35.3176799283154,-0.695627001194743,18.4634545400239,18.5477915770609,-1.31684727121846,464.769,61.7063333333333,6.05866666666667,48.2189953241754,165.526333333333,30.8813333333333,49.1606666666667,160.792333333333,NA,43.20847803,-116.9951781,NA,"satellite"
"Boise_Low","BoiseLow",11.0400922478165,14.7730686579297,38.4672983147222,858.009199861043,33.495752688172,-4.90847455197133,38.4042272401434,1.33549086021505,21.4883128434887,21.9136813620072,0.853005132245705,235.009,30.3436666666667,3.592,45.7400162346551,81.2616666666667,16.6923333333333,26.688,75.319,NA,43.333643,-116.708793,NA,"satellite"
"CaseAoyamaS1","CaseAoyamaS1",7.78048238191612,15.0471580079424,40.6963661687493,776.0664240513,29.8510430107527,-7.1231623655914,36.9742053763441,-0.533105615292712,17.7310498805257,17.7310498805257,-1.15712339945619,305.58,41.29,5.379,47.9514651114389,110.554,21.501,21.501,104.626666666667,NA,43.47110267,-119.6833963,NA,"satellite"
"CastValley","CastValley",13.5246545252367,16.0585201873334,36.7560399363446,1015.34465063049,37.0246666666667,-6.6648064516129,43.6894731182796,20.3499298088411,23.5209273596177,26.1567804062127,0.900062963551506,255.294666666667,32.2663333333333,9.88,24.6055499853282,84.102,48.953,52.0683333333333,57.2146666666667,NA,38.677,-109.417,NA,"satellite"
"CG PASTURE","CGPASTURE",7.60257077569286,14.6388090378934,39.2267976543169,846.553376238886,28.5188602150538,-8.79952903225806,37.3183892473118,15.7627098566308,-2.23407860571123,18.6203801075269,-2.23407860571123,422.714666666667,64.933,8.315,57.4838865919205,184.293333333333,33.5793333333333,166.380666666667,33.5793333333333,NA,41.21283,-104.852501,NA,"satellite"
"dino","dino",9.23729064087228,16.0505511422892,35.1594778168989,1056.98614176615,33.6747204301075,-11.9759892473118,45.6507096774194,16.4631986857826,22.1815673835125,22.1815673835125,-4.26381479612856,226.418333333333,30.231,13.952,29.7695555795352,75.0286666666667,45.0293333333333,45.0293333333333,45.6653333333333,NA,40.422908,-109.249642,NA,"satellite"
"EnsingS1 SuRDC","EnsingS1SuRDC",9.3286983544694,10.459552677799,31.9156438895226,838.706172231036,28.6280107526882,-4.14448387096774,32.7724946236559,17.5908676821983,4.69038553257294,19.7943909796894,-0.78605496921918,368.583,47.3616666666667,22.222,26.242273812574,115.045666666667,69.531,96.852,94.5403333333333,NA,49.561619,-119.652027,NA,"satellite"
"EnsingS2 Summerland-Princeton","EnsingS2Summerland-Princeton",7.12812154223387,10.4040822761622,32.3881454646299,814.391879048341,25.8612688172043,-6.26184946236559,32.1231182795699,-1.87691063321386,2.49697368386979,17.2590465352449,-2.6342193268829,451.609666666667,55.477,26.8863333333333,26.7172830407165,139.393666666667,85.0746666666667,114.545333333333,122.680333333333,NA,49.616744,-119.797613,NA,"satellite"
"EnsingS3 Bear Creek","EnsingS3BearCreek",9.36553337681198,10.094046815833,30.9820857294546,840.311201464419,28.4712580645161,-4.10901075268817,32.5802688172043,0.0908775388291518,4.68908362672223,19.867281660693,-0.793356934807046,399.203666666667,44.99,22.7796666666667,26.3156603052881,129.217666666667,71.83,95.8136666666667,112.892333333333,NA,49.939567,-119.505992,NA,"satellite"
"EnsingS4 Lundbom","EnsingS4Lundbom",4.31379846379134,12.629943484898,36.9397403333209,796.415183024166,23.6364623655914,-10.5542043010753,34.1906666666667,-4.73510579450418,-0.018043898717564,14.0409637992832,-5.4150470050497,437.678333333333,50.4893333333333,24.3876666666667,26.5585257821028,141.739666666667,77.7746666666667,105.887666666667,119.012666666667,NA,50.097899,-120.60262,NA,"satellite"
"EOARC","EOARC",7.63820475844707,14.7870765746479,40.3685405851138,773.839002785944,29.525440860215,-7.10475770609319,36.6301985663082,-0.614172222222222,17.5866501792115,17.5866501792115,-1.24519823024995,316.255,42.448,5.51633333333333,47.6247955029529,114.106666666667,22.6936666666667,22.6936666666667,108.394,NA,43.467044,-119.700795,NA,"satellite"
"FAR NORTH CPER","FARNORTHCPER",8.87859775334587,15.8266303424293,40.1114587535546,879.428049031342,30.4053655913978,-9.05126559139785,39.4566311827957,17.4668932497013,-1.54079715865953,20.2048000597372,-1.54079715865953,356.809666666667,62.916,6.17933333333333,62.5764073931558,162.655,21.8656666666667,138.145,21.8656666666667,NA,40.856915,-104.713075,NA,"satellite"
"FtK_Cottonwood_Coulee","FtKCottonwoodCoulee",8.02458216974622,14.6313156351708,33.3280351718381,1055.83786009742,31.5665053763441,-12.3344193548387,43.9009247311828,13.0751582437276,-4.99810626725168,21.2169755077658,-4.99810626725168,363.067666666667,74.388,7.584,71.6219055601782,183.225666666667,26.8306666666667,132.600666666667,26.8306666666667,NA,46.3863,-105.9526,NA,"satellite"
"FtK_Lone_Pine","FtKLonePine",8.1438211196597,14.812368658739,33.4887564604862,1061.60956009016,31.8751075268817,-12.3557634408602,44.2308709677419,13.2452212066906,-4.96280118444362,21.3964685185185,-4.96280118444362,349.871,72.7286666666667,7.20233333333333,72.4537144327466,178.936,25.7526666666667,126.363,25.7526666666667,NA,46.347,-105.8464,NA,"satellite"
"GoeblS1","GoeblS1",10.1385517850522,16.8244032559693,42.6553492774824,845.396285922265,31.1060430107527,-8.33661433691756,39.4426573476702,8.91822956989247,0.143109469957802,21.0664248506571,0.143109469957802,455.789333333333,63.0753333333333,17.131,40.095607949052,169.345666666667,58.4773333333333,135.698333333333,58.4773333333333,NA,39.550182,-105.095917,NA,"satellite"
"GreenCanyon","GreenCanyon",8.45852536533832,13.9528840338471,34.5361706521667,945.048955601681,31.4034086021505,-8.99737634408602,40.4007849462366,7.89460866188769,20.2625666666667,20.2625666666667,-3.26615749922018,511.398666666667,61.9173333333333,15.4453333333333,33.8378120424756,177.549,67.496,67.496,143.639,NA,41.766018,-111.789327,NA,"satellite"
"HardwareRanch","HardwareRanch",6.88170495733796,13.5474157427271,35.5487330221078,893.409174814363,28.6676989247312,-9.44172043010753,38.1094193548387,5.95766051373955,18.1356652329749,18.1356652329749,-3.9870915207079,523.931,59.0016666666667,15.2403333333333,35.5623126448308,174.300333333333,63.4556666666667,63.4556666666667,160.970666666667,NA,41.613286,-111.567217,NA,"satellite"
"HPGRS AGCR","HPGRSAGCR",7.76423922855201,14.7796603630724,39.3874745168345,848.347937682102,28.7490107526882,-8.77474659498208,37.5237573476702,15.9562436678614,-2.11329320526629,18.7960214456392,-2.11329320526629,419.339333333333,64.7893333333333,7.99,58.8704497156405,183.465666666667,31.0746666666667,166.601666666667,31.0746666666667,NA,41.177913,-104.899046,NA,"satellite"
"K1_vanDiepen","K1vanDiepen",4.40544536010764,15.0012032307355,39.876016224504,833.235307325424,25.7165161290323,-11.9030974910394,37.6196136200717,3.2196921744325,15.0527863201912,15.0527863201912,-5.51902740066858,545.112666666667,66.514,27.1403333333333,25.777121550039,179.354,90.1586666666667,90.1586666666667,146.525,NA,41.221569,-106.136433,NA,"satellite"
"L1_vanDiepen","L1vanDiepen",5.39013695666408,15.789900622164,40.7591988173673,845.788572523184,27.2942688172043,-11.4452086021505,38.7394774193548,8.83300047789725,-4.68913126533891,16.2130355436081,-4.68913126533891,370.319666666667,50.261,21.2936666666667,26.8726940161608,128.042,68.054,96.216,68.054,NA,41.217483,-105.925447,NA,"satellite"
"MPG_IR","MPGIR",7.032594209211,13.4141477119639,36.6813991058666,835.406834978297,28.7896021505376,-7.77974372759857,36.5693458781362,10.6473259856631,17.2022591995221,17.5794499402628,-2.86968331847261,485.005,62.8583333333333,25.506,26.2260652604489,157.079333333333,82.1496666666667,114.334666666667,126.193333333333,NA,46.691,-114.022,NA,"satellite"
"MPG_SR","MPGSR",7.10801834828234,13.5746781962321,36.9798556201517,834.45645378518,28.9435913978495,-7.76471362007169,36.7083050179211,10.7346995221027,17.2532639784946,17.6378676821983,-2.79367296290411,463.268,60.9576666666667,24.7213333333333,26.59265613084,152.749,80.302,111.505333333333,116.888333333333,NA,46.664,-114.001,NA,"satellite"
"MPG_TH","MPGTH",7.07457064036466,13.5206962127231,36.8782154422376,834.867632144027,28.8827956989247,-7.78030215053763,36.6630978494624,10.6975788530466,17.2291458781362,17.6106921744325,-2.82907275514828,472.802,61.809,25.4356666666667,26.1636096979127,154.617,81.8196666666667,113.369333333333,120.516,NA,46.673,-114.006,NA,"satellite"
"NEAR 4WAY CPER","NEAR4WAYCPER",9.09940971909558,16.004382163824,40.2310778051056,884.579693828314,30.714,-9.06714193548387,39.7811419354839,17.7533068100358,-1.41999212720189,20.4658784946237,-1.41999212720189,350.588333333333,61.4856666666667,6.29733333333333,62.6069968277838,160.702666666667,21.6483333333333,136.082333333333,21.6483333333333,NA,40.812673,-104.714491,NA,"satellite"
"NEAR HQ CPER","NEARHQCPER",8.9149592509093,15.8108427053722,40.1179193353106,877.743506818637,30.400064516129,-9.01085949820789,39.4109240143369,17.4834005973716,-1.48958151488132,20.2159203106332,-1.48958151488132,370.997333333333,66.12,6.75566666666667,62.6566073349413,169.128,22.803,140.598333333333,22.803,NA,40.835791,-104.763785,NA,"satellite"
"NEAR NUTNET","NEARNUTNET",8.97167981240914,15.8987877164368,40.1603375583947,881.48929745954,30.5335913978495,-9.05469068100358,39.588282078853,17.5867335125448,-1.48791073841599,20.3139951612903,-1.48791073841599,359.453,63.791,6.15033333333333,62.9861763805343,164.061333333333,21.2013333333333,139.195,21.2013333333333,NA,40.839464,-104.717125,NA,"satellite"
"OttS1","OttS1",8.6965207313314,14.2514958118515,34.5265625521573,1003.03372594137,30.6586989247312,-10.6182043010753,41.2769032258064,13.104004599761,-3.4463171941487,21.3747581839904,-3.4463171941487,502.933,90.371,10.2,64.5432265143582,233.664,35.7856666666667,190.122333333333,35.7856666666667,NA,43.777398,-102.607243,NA,"satellite"
"Pearlwise","Pearlwise",9.27758512088682,13.743925639011,38.1417565505802,798.332195668708,30.6323225806452,-5.40148100358423,36.0338035842294,7.63141792114695,19.5829821983274,19.5829821983274,0.238383016402705,354.801333333333,47.6306666666667,4.93,49.4281203836889,124.150666666667,21.7836666666667,21.7836666666667,120.241,NA,42.33939,-118.80428,NA,"satellite"
"Peavine","Peavine",9.72364426151779,14.3423164544232,41.3318104863609,747.597577926165,30.0025268817204,-4.69790430107527,34.7004311827957,1.23957638896246,19.3143345878136,19.3373308841099,1.23957638896246,365.924333333333,62.7916666666667,7.41533333333333,65.6831959384338,180.453333333333,25.8146666666667,31.8843333333333,180.453333333333,NA,39.591003,-119.878406,NA,"satellite"
"Plymouth","Plymouth",10.8243485188937,17.4385439723591,46.3862165279679,740.525391523575,32.6786774193548,-4.91555913978495,37.5942365591398,2.18907137545539,20.102817921147,20.2524734767025,2.18907137545539,315.968666666667,57.2203333333333,3.438,74.8474831755391,162.633,13.0263333333333,17.7346666666667,162.633,NA,39.072101,-119.783711,NA,"satellite"
"PMR- Brome","PMR-Brome",7.55439203516841,14.1994305961651,39.2323070686221,817.809255534157,27.558376344086,-8.63483189964158,36.1932082437276,10.750545041816,-2.02532702061668,18.1584078853047,-2.02532702061668,525.040666666667,83.972,15.5503333333333,49.9812690605194,209.525666666667,51.2113333333333,166.625666666667,51.2113333333333,NA,40.625,-105.271,NA,"satellite"
"RedBluff","RedBluff",7.29868791874864,14.000626047313,37.3962758536183,845.055297511946,28.8594086021505,-8.57914838709677,37.4385569892473,10.7647094384707,-2.80679008127785,17.9570888291517,-2.80679008127785,478.735666666667,79.705,17.7176666666667,51.2169992274941,216.099333333333,63.594,141.471,63.594,NA,45.579969,-111.664617,NA,"satellite"
"Rush_Valley","RushValley",9.53290363274744,15.5775159312081,38.2507799512577,910.26721093398,32.5049139784946,-8.21978745519713,40.7247014336917,8.37971768219833,21.2506210274791,21.2506210274791,-1.25561342599949,385.526333333333,43.6516666666667,16.3046666666667,31.8853439150349,124.613333333333,52.3983333333333,52.3983333333333,121.297,NA,40.0906,-112.305,NA,"satellite"
"SouthEden","SouthEden",5.493026760223,14.2649704432762,36.4060690004123,905.108804398925,27.5696021505376,-11.6133440860215,39.1829462365591,4.50251326164875,16.8310016129032,16.8310016129032,-5.54716667475914,452.399666666667,55.4903333333333,14.2506666666667,30.4666446939091,141.266333333333,64.2626666666667,64.2626666666667,134.900666666667,NA,41.926717,-111.275659,NA,"satellite"
"SSHigh","SSHigh",5.459321932806,12.9441957343845,33.5465024848322,935.080952876913,27.5313333333333,-11.0544946236559,38.5858279569892,9.47486929510155,16.7658996415771,17.0589551971326,-5.91803084703168,427.568333333333,60.937,18.3203333333333,32.9677091762476,152.176666666667,66.4206666666667,86.9183333333333,108.922666666667,NA,44.295988,-112.096947,NA,"satellite"
"SSHQ","SSHQ",6.19832558092913,14.0517447655684,34.6078257018656,967.313505700767,29.396064516129,-11.2067311827957,40.6027956989247,10.5922783154122,17.7231035842294,18.0964295101553,-5.73543548990354,307.535666666667,48.3983333333333,13.9866666666667,37.2731871784737,118.581333333333,52.1446666666667,68.1406666666667,67.5393333333333,NA,44.246799,-112.213263,NA,"satellite"
"Symstad1","Symstad1",7.51634462089712,14.8328698694464,35.960290930542,967.509967678481,30.1037956989247,-11.1441182795699,41.2479139784946,11.6763601553166,-2.67302072879331,19.8337161290323,-4.15314887602922,474.209333333333,77.174,16.375,52.3644792120325,204.734333333333,52.7706666666667,165.436,55.5,89,44.59,-104.71,80,"genotype"
"Symstad2","Symstad2",7.06513836810154,12.6037467275515,34.9528627201062,876.050290892041,26.7058709677419,-9.35339784946236,36.0592688172043,15.3807219235364,-1.65991493428913,18.3897846475508,-3.1549097892426,631.572,123.205333333333,11.452,69.4722698602459,312.085333333333,41.6406666666667,251.510666666667,42.231,90,43.87,-103.46,81,"genotype"
"TB FIRE","TBFIRE",7.78595125116973,15.3705122483241,36.8969706184586,968.292369665763,30.9792150537634,-10.6787096774194,41.6579247311828,11.8513925328554,-2.4286037037037,20.220413739546,-3.78362785075716,351.477333333333,68.6456666666667,6.58666666666667,63.8284993351651,165.853,25.9433333333333,122.502,28.307,NA,43.31193,-105.125329,NA,"satellite"
"TB LC Control","TBLCControl",7.81847190584335,15.4233349167358,36.9345191024095,970.035690711651,31.0570107526882,-10.7015806451613,41.7585913978495,11.9001035244922,-2.41938458781362,20.2715670250896,-3.77785162393841,347.047,67.7526666666667,6.45833333333333,64.0868231042737,164.902666666667,26.0303333333333,120.419666666667,28.2486666666667,NA,43.327853,-105.112892,NA,"satellite"
"TB PRAIRIE DOG","TBPRAIRIEDOG",7.80160339460806,15.4038004061685,36.9105593956652,969.724805566071,31.033688172043,-10.6990860215054,41.7327741935484,11.8784394265233,-2.43095955794504,20.2513121266428,-3.79047680388556,348.023,68.296,6.44166666666667,64.0448635131225,164.883,25.9496666666667,120.855333333333,28.119,NA,43.338797,-105.133254,NA,"satellite"
"Woodruff","Woodruff",5.31881864972692,15.5399720864894,38.3378316000391,913.178638468863,28.0981827956989,-12.4361182795699,40.5343010752688,4.63091535244922,16.654114516129,16.654114516129,-6.01286046680321,362.118666666667,46.1843333333333,15.6976666666667,23.5465651451155,111.771,65.843,65.843,89.3753333333333,NA,41.56042,-111.172565,NA,"satellite"
