site_code,bioclim_1,bioclim_2,bioclim_3,bioclim_4,bioclim_5,bioclim_6,bioclim_7,bioclim_8,bioclim_9,bioclim_10,bioclim_11,bioclim_12,bioclim_13,bioclim_14,bioclim_15,bioclim_16,bioclim_17,bioclim_18,bioclim_19,site,lat,lon
Boise_High 2022,8.034080625445085,12.636035110587308,35.77821401698745,817.070905725963,28.87510752688172,-6.442572401433692,35.317679928315414,-0.695627001194743,18.463454540023893,18.54779157706093,-1.3168472712184613,464.769,61.70633333333333,6.058666666666666,48.2189953241754,165.52633333333333,30.88133333333333,49.16066666666667,160.79233333333332,Boise_High 2022,43.20847803,-116.9951781
Boise_Low 2022,11.040092247816505,14.77306865792974,38.467298314722164,858.0091998610426,33.49575268817204,-4.908474551971326,38.40422724014336,1.3354908602150537,21.488312843488654,21.913681362007168,0.8530051322457051,235.00900000000001,30.343666666666664,3.592,45.74001623465507,81.26166666666666,16.692333333333334,26.688000000000002,75.31899999999999,Boise_Low 2022,43.333643,-116.708793
CG PASTURE 2022,7.602570775692862,14.638809037893369,39.226797654316904,846.5533762388864,28.518860215053763,-8.799529032258064,37.31838924731183,15.762709856630822,-2.2340786057112254,18.62038010752688,-2.2340786057112254,422.7146666666667,64.93299999999999,8.315,57.48388659192052,184.29333333333332,33.57933333333333,166.38066666666666,33.57933333333333,CG PASTURE 2022,41.21283,-104.852501
CG PASTURE 2023,7.602570775692862,14.638809037893369,39.226797654316904,846.5533762388864,28.518860215053763,-8.799529032258064,37.31838924731183,15.762709856630822,-2.2340786057112254,18.62038010752688,-2.2340786057112254,422.7146666666667,64.93299999999999,8.315,57.48388659192052,184.29333333333332,33.57933333333333,166.38066666666666,33.57933333333333,CG PASTURE 2023,41.21283,-104.852501
CaseAoyamaS1 2022,7.780482381916121,15.047158007942393,40.696366168749336,776.0664240512998,29.851043010752687,-7.123162365591398,36.97420537634409,-0.5331056152927119,17.731049880525685,17.731049880525685,-1.1571233994561856,305.5799999999999,41.29,5.379,47.951465111438864,110.554,21.500999999999998,21.500999999999998,104.62666666666667,CaseAoyamaS1 2022,43.47110267,-119.6833963
CaseAoyamaS1 2023,7.780482381916121,15.047158007942393,40.696366168749336,776.0664240512998,29.851043010752687,-7.123162365591398,36.97420537634409,-0.5331056152927119,17.731049880525685,17.731049880525685,-1.1571233994561856,305.5799999999999,41.29,5.379,47.951465111438864,110.554,21.500999999999998,21.500999999999998,104.62666666666667,CaseAoyamaS1 2023,43.47110267,-119.6833963
CastValley 2021,13.524654525236741,16.05852018733337,36.756039936344585,1015.344650630489,37.02466666666667,-6.664806451612903,43.68947311827957,20.3499298088411,23.520927359617684,26.156780406212665,0.9000629635515063,255.29466666666664,32.266333333333336,9.88,24.605549985328224,84.102,48.953,52.06833333333334,57.214666666666666,CastValley 2021,38.677,-109.417
EOARC 2022,7.638204758447069,14.787076574647903,40.36854058511376,773.8390027859439,29.525440860215053,-7.10475770609319,36.630198566308245,-0.6141722222222225,17.58665017921147,17.58665017921147,-1.2451982302499547,316.255,42.448,5.516333333333333,47.624795502952885,114.10666666666665,22.693666666666665,22.693666666666665,108.394,EOARC 2022,43.467044,-119.700795
EnsingS1 SuRDC 2022,9.328698354469399,10.459552677798966,31.91564388952261,838.7061722310364,28.628010752688173,-4.144483870967742,32.772494623655916,17.590867682198326,4.690385532572935,19.794390979689368,-0.7860549692191796,368.58299999999997,47.361666666666665,22.222,26.242273812574034,115.04566666666666,69.531,96.852,94.54033333333334,EnsingS1 SuRDC 2022,49.561619,-119.652027
EnsingS2 Summerland-Princeton 2022,7.128121542233874,10.404082276162226,32.388145464629936,814.3918790483406,25.8612688172043,-6.261849462365591,32.123118279569894,-1.876910633213859,2.4969736838697907,17.25904653524492,-2.6342193268828975,451.60966666666667,55.477,26.886333333333333,26.71728304071649,139.3936666666667,85.07466666666667,114.54533333333333,122.68033333333334,EnsingS2 Summerland-Princeton 2022,49.616744,-119.797613
EnsingS3 Bear Creek 2022,9.365533376811978,10.094046815832995,30.98208572945458,840.3112014644187,28.471258064516128,-4.109010752688172,32.5802688172043,0.09087753882915177,4.689083626722225,19.86728166069295,-0.7933569348070458,399.20366666666666,44.989999999999995,22.779666666666667,26.315660305288063,129.21766666666667,71.83,95.81366666666668,112.89233333333333,EnsingS3 Bear Creek 2022,49.939567,-119.505992
EnsingS4 Lundbom 2022,4.313798463791338,12.629943484897977,36.93974033332092,796.4151830241665,23.6364623655914,-10.554204301075268,34.190666666666665,-4.7351057945041815,-0.018043898717563955,14.040963799283155,-5.415047005049703,437.67833333333334,50.489333333333335,24.387666666666668,26.558525782102787,141.73966666666666,77.77466666666666,105.88766666666666,119.01266666666666,EnsingS4 Lundbom 2022,50.097899,-120.60262
FAR NORTH CPER 2022,8.87859775334587,15.826630342429272,40.111458753554636,879.4280490313419,30.40536559139785,-9.051265591397849,39.4566311827957,17.466893249701315,-1.540797158659533,20.204800059737156,-1.540797158659533,356.80966666666666,62.916,6.179333333333333,62.57640739315584,162.655,21.865666666666666,138.145,21.865666666666666,FAR NORTH CPER 2022,40.856915,-104.713075
FAR NORTH CPER 2023,8.87859775334587,15.826630342429272,40.111458753554636,879.4280490313419,30.40536559139785,-9.051265591397849,39.4566311827957,17.466893249701315,-1.540797158659533,20.204800059737156,-1.540797158659533,356.80966666666666,62.916,6.179333333333333,62.57640739315584,162.655,21.865666666666666,138.145,21.865666666666666,FAR NORTH CPER 2023,40.856915,-104.713075
FtK_Cottonwood_Coulee 2021,8.02458216974622,14.631315635170766,33.32803517183809,1055.8378600974156,31.566505376344086,-12.33441935483871,43.9009247311828,13.075158243727598,-4.9981062672516785,21.216975507765827,-4.9981062672516785,363.06766666666664,74.388,7.584,71.62190556017818,183.22566666666665,26.830666666666666,132.60066666666665,26.830666666666666,FtK_Cottonwood_Coulee 2021,46.3863,-105.9526
FtK_Cottonwood_Coulee 2022,8.02458216974622,14.631315635170766,33.32803517183809,1055.8378600974156,31.566505376344086,-12.33441935483871,43.9009247311828,13.075158243727598,-4.9981062672516785,21.216975507765827,-4.9981062672516785,363.06766666666664,74.388,7.584,71.62190556017818,183.22566666666665,26.830666666666666,132.60066666666665,26.830666666666666,FtK_Cottonwood_Coulee 2022,46.3863,-105.9526
FtK_Lone_Pine 2021,8.143821119659705,14.812368658738986,33.48875646048619,1061.6095600901565,31.87510752688172,-12.355763440860215,44.230870967741936,13.245221206690564,-4.96280118444362,21.396468518518517,-4.96280118444362,349.87100000000004,72.72866666666667,7.202333333333333,72.45371443274664,178.936,25.75266666666667,126.363,25.75266666666667,FtK_Lone_Pine 2021,46.347,-105.8464
FtK_Lone_Pine 2022,8.143821119659705,14.812368658738986,33.48875646048619,1061.6095600901565,31.87510752688172,-12.355763440860215,44.230870967741936,13.245221206690564,-4.96280118444362,21.396468518518517,-4.96280118444362,349.87100000000004,72.72866666666667,7.202333333333333,72.45371443274664,178.936,25.75266666666667,126.363,25.75266666666667,FtK_Lone_Pine 2022,46.347,-105.8464
GoeblS1 2024,10.138551785052174,16.8244032559693,42.65534927748235,845.3962859222653,31.10604301075269,-8.336614336917563,39.44265734767025,8.918229569892473,0.14310946995780163,21.06642485065711,0.14310946995780163,455.7893333333334,63.07533333333334,17.131,40.09560794905199,169.34566666666666,58.47733333333334,135.69833333333332,58.47733333333334,GoeblS1 2024,39.550182,-105.095917
GreenCanyon 2021,8.458525365338323,13.952884033847132,34.5361706521667,945.0489556016812,31.403408602150538,-8.997376344086021,40.400784946236556,7.894608661887694,20.262566666666668,20.262566666666668,-3.26615749922018,511.3986666666667,61.91733333333334,15.445333333333332,33.83781204247563,177.549,67.496,67.496,143.639,GreenCanyon 2021,41.766018,-111.789327
GreenCanyon 2022,8.458525365338323,13.952884033847132,34.5361706521667,945.0489556016812,31.403408602150538,-8.997376344086021,40.400784946236556,7.894608661887694,20.262566666666668,20.262566666666668,-3.26615749922018,511.3986666666667,61.91733333333334,15.445333333333332,33.83781204247563,177.549,67.496,67.496,143.639,GreenCanyon 2022,41.766018,-111.789327
GreenCanyon 2023,8.458525365338323,13.952884033847132,34.5361706521667,945.0489556016812,31.403408602150538,-8.997376344086021,40.400784946236556,7.894608661887694,20.262566666666668,20.262566666666668,-3.26615749922018,511.3986666666667,61.91733333333334,15.445333333333332,33.83781204247563,177.549,67.496,67.496,143.639,GreenCanyon 2023,41.766018,-111.789327
HPGRS AGCR 2022,7.764239228552006,14.779660363072432,39.3874745168345,848.3479376821025,28.74901075268817,-8.774746594982078,37.52375734767025,15.95624366786141,-2.1132932052662863,18.796021445639187,-2.1132932052662863,419.33933333333334,64.78933333333333,7.99,58.87044971564047,183.46566666666666,31.074666666666666,166.60166666666666,31.074666666666666,HPGRS AGCR 2022,41.177913,-104.899046
HPGRS AGCR 2023,7.764239228552006,14.779660363072432,39.3874745168345,848.3479376821025,28.74901075268817,-8.774746594982078,37.52375734767025,15.95624366786141,-2.1132932052662863,18.796021445639187,-2.1132932052662863,419.33933333333334,64.78933333333333,7.99,58.87044971564047,183.46566666666666,31.074666666666666,166.60166666666666,31.074666666666666,HPGRS AGCR 2023,41.177913,-104.899046
HardwareRanch 2022,6.88170495733796,13.547415742727074,35.54873302210776,893.4091748143626,28.667698924731184,-9.441720430107527,38.10941935483871,5.957660513739547,18.13566523297491,18.13566523297491,-3.9870915207079,523.931,59.001666666666665,15.240333333333334,35.562312644830776,174.30033333333333,63.455666666666666,63.455666666666666,160.97066666666666,HardwareRanch 2022,41.613286,-111.567217
HardwareRanch 2023,6.88170495733796,13.547415742727074,35.54873302210776,893.4091748143626,28.667698924731184,-9.441720430107527,38.10941935483871,5.957660513739547,18.13566523297491,18.13566523297491,-3.9870915207079,523.931,59.001666666666665,15.240333333333334,35.562312644830776,174.30033333333333,63.455666666666666,63.455666666666666,160.97066666666666,HardwareRanch 2023,41.613286,-111.567217
K1_vanDiepen 2022,4.4054453601076435,15.001203230735504,39.87601622450401,833.2353073254242,25.716516129032257,-11.903097491039427,37.61961362007168,3.219692174432497,15.052786320191158,15.052786320191158,-5.519027400668585,545.1126666666667,66.514,27.140333333333334,25.777121550039002,179.35399999999998,90.15866666666666,90.15866666666666,146.525,K1_vanDiepen 2022,41.221569,-106.136433
L1_vanDiepen 2022,5.390136956664078,15.789900622163957,40.75919881736731,845.7885725231845,27.2942688172043,-11.445208602150538,38.73947741935484,8.833000477897253,-4.689131265338912,16.213035543608125,-4.689131265338912,370.3196666666666,50.261,21.293666666666667,26.87269401616081,128.042,68.054,96.216,68.054,L1_vanDiepen 2022,41.217483,-105.925447
MPG_IR 2021,7.032594209210998,13.41414771196391,36.68139910586658,835.4068349782974,28.789602150537636,-7.779743727598566,36.569345878136204,10.647325985663082,17.202259199522103,17.579449940262844,-2.869683318472612,485.00499999999994,62.858333333333334,25.506,26.226065260448877,157.07933333333335,82.14966666666666,114.33466666666666,126.19333333333333,MPG_IR 2021,46.691,-114.022
MPG_IR 2022,7.032594209210998,13.41414771196391,36.68139910586658,835.4068349782974,28.789602150537636,-7.779743727598566,36.569345878136204,10.647325985663082,17.202259199522103,17.579449940262844,-2.869683318472612,485.00499999999994,62.858333333333334,25.506,26.226065260448877,157.07933333333335,82.14966666666666,114.33466666666666,126.19333333333333,MPG_IR 2022,46.691,-114.022
MPG_SR 2021,7.108018348282336,13.574678196232146,36.97985562015171,834.4564537851804,28.943591397849463,-7.764713620071685,36.70830501792115,10.73469952210275,17.253263978494626,17.63786768219833,-2.793672962904109,463.26800000000003,60.95766666666667,24.721333333333334,26.592656130840016,152.74900000000002,80.302,111.50533333333334,116.88833333333334,MPG_SR 2021,46.664,-114.001
MPG_SR 2022,7.108018348282336,13.574678196232146,36.97985562015171,834.4564537851804,28.943591397849463,-7.764713620071685,36.70830501792115,10.73469952210275,17.253263978494626,17.63786768219833,-2.793672962904109,463.26800000000003,60.95766666666667,24.721333333333334,26.592656130840016,152.74900000000002,80.302,111.50533333333334,116.88833333333334,MPG_SR 2022,46.664,-114.001
MPG_TH 2021,7.074570640364662,13.52069621272313,36.87821544223765,834.8676321440267,28.88279569892473,-7.780302150537635,36.66309784946237,10.697578853046593,17.229145878136205,17.610692174432497,-2.8290727551482835,472.80199999999996,61.809,25.435666666666666,26.16360969791269,154.61700000000002,81.81966666666666,113.36933333333333,120.51599999999999,MPG_TH 2021,46.673,-114.006
MPG_TH 2022,7.074570640364662,13.52069621272313,36.87821544223765,834.8676321440267,28.88279569892473,-7.780302150537635,36.66309784946237,10.697578853046593,17.229145878136205,17.610692174432497,-2.8290727551482835,472.80199999999996,61.809,25.435666666666666,26.16360969791269,154.61700000000002,81.81966666666666,113.36933333333333,120.51599999999999,MPG_TH 2022,46.673,-114.006
NEAR 4WAY CPER 2022,9.099409719095584,16.004382163824,40.23107780510558,884.5796938283138,30.714,-9.067141935483871,39.78114193548387,17.75330681003584,-1.419992127201888,20.465878494623656,-1.419992127201888,350.58833333333337,61.48566666666667,6.2973333333333334,62.606996827783846,160.7026666666667,21.648333333333333,136.08233333333334,21.648333333333333,NEAR 4WAY CPER 2022,40.812673,-104.714491
NEAR 4WAY CPER 2023,9.099409719095584,16.004382163824,40.23107780510558,884.5796938283138,30.714,-9.067141935483871,39.78114193548387,17.75330681003584,-1.419992127201888,20.465878494623656,-1.419992127201888,350.58833333333337,61.48566666666667,6.2973333333333334,62.606996827783846,160.7026666666667,21.648333333333333,136.08233333333334,21.648333333333333,NEAR 4WAY CPER 2023,40.812673,-104.714491
NEAR HQ CPER 2022,8.914959250909298,15.810842705372224,40.11791933531057,877.7435068186369,30.40006451612903,-9.010859498207886,39.41092401433691,17.483400597371563,-1.4895815148813203,20.215920310633212,-1.4895815148813203,370.9973333333333,66.12,6.7556666666666665,62.656607334941285,169.12800000000001,22.803,140.59833333333336,22.803,NEAR HQ CPER 2022,40.835791,-104.763785
NEAR HQ CPER 2023,8.914959250909298,15.810842705372224,40.11791933531057,877.7435068186369,30.40006451612903,-9.010859498207886,39.41092401433691,17.483400597371563,-1.4895815148813203,20.215920310633212,-1.4895815148813203,370.9973333333333,66.12,6.7556666666666665,62.656607334941285,169.12800000000001,22.803,140.59833333333336,22.803,NEAR HQ CPER 2023,40.835791,-104.763785
NEAR NUTNET 2022,8.971679812409143,15.898787716436841,40.16033755839466,881.4892974595404,30.533591397849463,-9.054690681003585,39.58828207885305,17.5867335125448,-1.4879107384159946,20.313995161290322,-1.4879107384159946,359.453,63.791000000000004,6.150333333333333,62.98617638053434,164.06133333333332,21.201333333333334,139.195,21.201333333333334,NEAR NUTNET 2022,40.839464,-104.717125
NEAR NUTNET 2023,8.971679812409143,15.898787716436841,40.16033755839466,881.4892974595404,30.533591397849463,-9.054690681003585,39.58828207885305,17.5867335125448,-1.4879107384159946,20.313995161290322,-1.4879107384159946,359.453,63.791000000000004,6.150333333333333,62.98617638053434,164.06133333333332,21.201333333333334,139.195,21.201333333333334,NEAR NUTNET 2023,40.839464,-104.717125
OttS1 2022,8.696520731331404,14.251495811851498,34.5265625521573,1003.0337259413665,30.658698924731183,-10.618204301075268,41.27690322580645,13.10400459976105,-3.446317194148701,21.37475818399044,-3.446317194148701,502.93300000000005,90.371,10.2,64.54322651435822,233.664,35.785666666666664,190.1223333333333,35.785666666666664,OttS1 2022,43.777398,-102.607243
PMR- Brome 2021,7.554392035168412,14.199430596165051,39.23230706862208,817.8092555341573,27.55837634408602,-8.634831899641577,36.1932082437276,10.750545041816011,-2.025327020616676,18.15840788530466,-2.025327020616676,525.0406666666668,83.972,15.550333333333333,49.981269060519345,209.52566666666667,51.21133333333333,166.62566666666666,51.21133333333333,PMR- Brome 2021,40.625,-105.271
PMR- Brome 2022,7.554392035168412,14.199430596165051,39.23230706862208,817.8092555341573,27.55837634408602,-8.634831899641577,36.1932082437276,10.750545041816011,-2.025327020616676,18.15840788530466,-2.025327020616676,525.0406666666668,83.972,15.550333333333333,49.981269060519345,209.52566666666667,51.21133333333333,166.62566666666666,51.21133333333333,PMR- Brome 2022,40.625,-105.271
PMR- Pine 2021,7.554392035168412,14.199430596165051,39.23230706862208,817.8092555341573,27.55837634408602,-8.634831899641577,36.1932082437276,10.750545041816011,-2.025327020616676,18.15840788530466,-2.025327020616676,525.0406666666668,83.972,15.550333333333333,49.981269060519345,209.52566666666667,51.21133333333333,166.62566666666666,51.21133333333333,PMR- Pine 2021,40.625,-105.271
PMR- Pine 2022,7.554392035168412,14.199430596165051,39.23230706862208,817.8092555341573,27.55837634408602,-8.634831899641577,36.1932082437276,10.750545041816011,-2.025327020616676,18.15840788530466,-2.025327020616676,525.0406666666668,83.972,15.550333333333333,49.981269060519345,209.52566666666667,51.21133333333333,166.62566666666666,51.21133333333333,PMR- Pine 2022,40.625,-105.271
Pearlwise 2024,9.277585120886817,13.743925639011012,38.14175655058019,798.3321956687075,30.632322580645162,-5.401481003584229,36.03380358422939,7.631417921146952,19.58298219832736,19.58298219832736,0.23838301640270507,354.8013333333334,47.63066666666667,4.930000000000001,49.428120383688935,124.15066666666667,21.78366666666667,21.78366666666667,120.241,Pearlwise 2024,42.33939,-118.80428
Peavine 2022,9.723644261517794,14.342316454423198,41.3318104863609,747.5975779261654,30.00252688172043,-4.697904301075269,34.7004311827957,1.2395763889624565,19.31433458781362,19.337330884109914,1.2395763889624565,365.9243333333333,62.791666666666664,7.415333333333334,65.68319593843384,180.45333333333335,25.814666666666668,31.88433333333333,180.45333333333335,Peavine 2022,39.591003,-119.878406
Peavine 2024,9.723644261517794,14.342316454423198,41.3318104863609,747.5975779261654,30.00252688172043,-4.697904301075269,34.7004311827957,1.2395763889624565,19.31433458781362,19.337330884109914,1.2395763889624565,365.9243333333333,62.791666666666664,7.415333333333334,65.68319593843384,180.45333333333335,25.814666666666668,31.88433333333333,180.45333333333335,Peavine 2024,39.591003,-119.878406
Plymouth 2022,10.824348518893716,17.43854397235906,46.386216527967925,740.5253915235751,32.67867741935484,-4.915559139784946,37.59423655913979,2.1890713754553857,20.102817921146954,20.25247347670251,2.1890713754553857,315.96866666666665,57.220333333333336,3.438,74.8474831755391,162.63299999999998,13.026333333333334,17.734666666666666,162.63299999999998,Plymouth 2022,39.072101,-119.783711
Plymouth 2024,10.824348518893716,17.43854397235906,46.386216527967925,740.5253915235751,32.67867741935484,-4.915559139784946,37.59423655913979,2.1890713754553857,20.102817921146954,20.25247347670251,2.1890713754553857,315.96866666666665,57.220333333333336,3.438,74.8474831755391,162.63299999999998,13.026333333333334,17.734666666666666,162.63299999999998,Plymouth 2024,39.072101,-119.783711
RedBluff 2023,7.298687918748639,14.000626047313006,37.39627585361826,845.0552975119456,28.859408602150538,-8.579148387096774,37.43855698924731,10.764709438470726,-2.8067900812778457,17.957088829151733,-2.8067900812778457,478.73566666666665,79.705,17.717666666666666,51.216999227494085,216.09933333333333,63.594,141.47099999999998,63.594,RedBluff 2023,45.579969,-111.664617
Rush_Valley 2022,9.532903632747438,15.577515931208103,38.250779951257655,910.2672109339798,32.50491397849462,-8.219787455197132,40.72470143369175,8.379717682198327,21.25062102747909,21.25062102747909,-1.2556134259994935,385.52633333333324,43.651666666666664,16.304666666666666,31.885343915034912,124.61333333333333,52.39833333333333,52.39833333333333,121.297,Rush_Valley 2022,40.0906,-112.305
SSHQ 2022,6.198325580929134,14.051744765568445,34.60782570186558,967.3135057007672,29.396064516129034,-11.2067311827957,40.60279569892474,10.592278315412186,17.723103584229392,18.096429510155318,-5.735435489903538,307.5356666666667,48.39833333333333,13.986666666666666,37.27318717847369,118.58133333333333,52.144666666666666,68.14066666666668,67.53933333333333,SSHQ 2022,44.246799,-112.213263
SSHQ 2023,6.198325580929134,14.051744765568445,34.60782570186558,967.3135057007672,29.396064516129034,-11.2067311827957,40.60279569892474,10.592278315412186,17.723103584229392,18.096429510155318,-5.735435489903538,307.5356666666667,48.39833333333333,13.986666666666666,37.27318717847369,118.58133333333333,52.144666666666666,68.14066666666668,67.53933333333333,SSHQ 2023,44.246799,-112.213263
SSHQ 2024,6.198325580929134,14.051744765568445,34.60782570186558,967.3135057007672,29.396064516129034,-11.2067311827957,40.60279569892474,10.592278315412186,17.723103584229392,18.096429510155318,-5.735435489903538,307.5356666666667,48.39833333333333,13.986666666666666,37.27318717847369,118.58133333333333,52.144666666666666,68.14066666666668,67.53933333333333,SSHQ 2024,44.246799,-112.213263
SSHigh 2022,5.459321932805999,12.944195734384472,33.54650248483219,935.0809528769128,27.531333333333333,-11.054494623655915,38.58582795698925,9.474869295101554,16.76589964157706,17.05895519713262,-5.918030847031681,427.5683333333334,60.937000000000005,18.320333333333334,32.967709176247574,152.17666666666668,66.42066666666666,86.91833333333334,108.92266666666666,SSHigh 2022,44.295988,-112.096947
SSHigh 2023,5.459321932805999,12.944195734384472,33.54650248483219,935.0809528769128,27.531333333333333,-11.054494623655915,38.58582795698925,9.474869295101554,16.76589964157706,17.05895519713262,-5.918030847031681,427.5683333333334,60.937000000000005,18.320333333333334,32.967709176247574,152.17666666666668,66.42066666666666,86.91833333333334,108.92266666666666,SSHigh 2023,44.295988,-112.096947
SSHigh 2024,5.459321932805999,12.944195734384472,33.54650248483219,935.0809528769128,27.531333333333333,-11.054494623655915,38.58582795698925,9.474869295101554,16.76589964157706,17.05895519713262,-5.918030847031681,427.5683333333334,60.937000000000005,18.320333333333334,32.967709176247574,152.17666666666668,66.42066666666666,86.91833333333334,108.92266666666666,SSHigh 2024,44.295988,-112.096947
SouthEden 2022,5.493026760222999,14.264970443276185,36.40606900041233,905.1088043989246,27.569602150537634,-11.613344086021506,39.18294623655914,4.502513261648746,16.831001612903226,16.831001612903226,-5.547166674759139,452.3996666666667,55.49033333333333,14.250666666666666,30.466644693909142,141.26633333333334,64.26266666666666,64.26266666666666,134.90066666666667,SouthEden 2022,41.926717,-111.275659
SouthEden 2023,5.493026760222999,14.264970443276185,36.40606900041233,905.1088043989246,27.569602150537634,-11.613344086021506,39.18294623655914,4.502513261648746,16.831001612903226,16.831001612903226,-5.547166674759139,452.3996666666667,55.49033333333333,14.250666666666666,30.466644693909142,141.26633333333334,64.26266666666666,64.26266666666666,134.90066666666667,SouthEden 2023,41.926717,-111.275659
SouthEden 2024,5.493026760222999,14.264970443276185,36.40606900041233,905.1088043989246,27.569602150537634,-11.613344086021506,39.18294623655914,4.502513261648746,16.831001612903226,16.831001612903226,-5.547166674759139,452.3996666666667,55.49033333333333,14.250666666666666,30.466644693909142,141.26633333333334,64.26266666666666,64.26266666666666,134.90066666666667,SouthEden 2024,41.926717,-111.275659
Symstad1 2021,8.720845027175992,15.056582876623644,36.8548731449612,963.8309168177301,30.822247311827958,-10.031462365591398,40.85370967741936,17.957956033452806,-1.4406190561529268,20.9770743130227,-2.877473535262579,496.73,91.20266666666667,10.652666666666667,66.67696730538565,241.43,35.57966666666667,194.52599999999998,38.71466666666666,Symstad1 2021,43.35653,-103.541
Symstad1 2022,8.720845027175992,15.056582876623644,36.8548731449612,963.8309168177301,30.822247311827958,-10.031462365591398,40.85370967741936,17.957956033452806,-1.4406190561529268,20.9770743130227,-2.877473535262579,496.73,91.20266666666667,10.652666666666667,66.67696730538565,241.43,35.57966666666667,194.52599999999998,38.71466666666666,Symstad1 2022,43.35653,-103.541
Symstad2 2022,8.788519890008592,15.16120493589291,36.948209037845935,966.6889090476653,30.983494623655915,-10.050172043010752,41.03366666666667,18.05936833930705,-1.4187232974910395,21.07480203106332,-2.8560392571699302,488.075,89.536,10.485,66.3004974564723,236.71666666666664,35.154333333333334,190.88466666666667,38.25033333333333,Symstad2 2022,43.3562,-103.54046
TB FIRE 2022,7.78595125116973,15.370512248324122,36.89697061845862,968.2923696657629,30.97921505376344,-10.678709677419356,41.657924731182796,11.851392532855437,-2.4286037037037036,20.220413739545997,-3.7836278507571612,351.47733333333326,68.64566666666667,6.586666666666667,63.82849933516511,165.853,25.943333333333335,122.50200000000001,28.307000000000002,TB FIRE 2022,43.31193,-105.125329
TB FIRE 2023,7.78595125116973,15.370512248324122,36.89697061845862,968.2923696657629,30.97921505376344,-10.678709677419356,41.657924731182796,11.851392532855437,-2.4286037037037036,20.220413739545997,-3.7836278507571612,351.47733333333326,68.64566666666667,6.586666666666667,63.82849933516511,165.853,25.943333333333335,122.50200000000001,28.307000000000002,TB FIRE 2023,43.31193,-105.125329
TB LC Control 2022,7.818471905843354,15.42333491673582,36.93451910240946,970.0356907116511,31.05701075268817,-10.70158064516129,41.75859139784946,11.900103524492232,-2.4193845878136195,20.271567025089606,-3.7778516239384143,347.04699999999997,67.75266666666667,6.458333333333333,64.08682310427375,164.90266666666668,26.030333333333335,120.41966666666667,28.248666666666665,TB LC Control 2022,43.327853,-105.112892
TB LC Control 2023,7.818471905843354,15.42333491673582,36.93451910240946,970.0356907116511,31.05701075268817,-10.70158064516129,41.75859139784946,11.900103524492232,-2.4193845878136195,20.271567025089606,-3.7778516239384143,347.04699999999997,67.75266666666667,6.458333333333333,64.08682310427375,164.90266666666668,26.030333333333335,120.41966666666667,28.248666666666665,TB LC Control 2023,43.327853,-105.112892
TB PRAIRIE DOG 2022,7.80160339460806,15.403800406168525,36.910559395665224,969.7248055660706,31.03368817204301,-10.699086021505376,41.73277419354839,11.878439426523299,-2.430959557945042,20.251312126642773,-3.7904768038855643,348.023,68.296,6.441666666666666,64.04486351312254,164.883,25.949666666666666,120.85533333333333,28.119,TB PRAIRIE DOG 2022,43.338797,-105.133254
TB PRAIRIE DOG 2023,7.80160339460806,15.403800406168525,36.910559395665224,969.7248055660706,31.03368817204301,-10.699086021505376,41.73277419354839,11.878439426523299,-2.430959557945042,20.251312126642773,-3.7904768038855643,348.023,68.296,6.441666666666666,64.04486351312254,164.883,25.949666666666666,120.85533333333333,28.119,TB PRAIRIE DOG 2023,43.338797,-105.133254
Woodruff 2022,5.318818649726916,15.539972086489398,38.3378316000391,913.1786384688633,28.098182795698925,-12.436118279569893,40.534301075268814,4.6309153524492235,16.65411451612903,16.65411451612903,-6.012860466803208,362.11866666666674,46.184333333333335,15.697666666666667,23.54656514511549,111.77100000000002,65.843,65.843,89.37533333333333,Woodruff 2022,41.56042,-111.172565
Woodruff 2023,5.318818649726916,15.539972086489398,38.3378316000391,913.1786384688633,28.098182795698925,-12.436118279569893,40.534301075268814,4.6309153524492235,16.65411451612903,16.65411451612903,-6.012860466803208,362.11866666666674,46.184333333333335,15.697666666666667,23.54656514511549,111.77100000000002,65.843,65.843,89.37533333333333,Woodruff 2023,41.56042,-111.172565
dino 2024,9.237290640872281,16.050551142289198,35.15947781689894,1056.9861417661525,33.67472043010753,-11.975989247311828,45.65070967741936,16.463198685782558,22.181567383512544,22.181567383512544,-4.263814796128561,226.41833333333332,30.230999999999998,13.952,29.769555579535158,75.02866666666667,45.029333333333334,45.029333333333334,45.66533333333333,dino 2024,40.422908,-109.249642
