"SiteCode","UniqueID","SampleDescription","pH","EC","OMpercent","Protein_g.kg","X..Sand","X..Clay","X..Silt","site_old"
"HPGRS AGCR",1,"Cheyenne, WY PGRS-AGCR 7/15/22 #1",6.73,450.3,6.55,5.19,59.856,18.216,21.928,"HPGRS AGCR"
"HPGRS AGCR",2,"Cheyenne, WY PGRS-AGCR 7/15/22 #2",6.59,323.9,6.69,4.2,59.856,18.216,21.928,"HPGRS AGCR"
"HPGRS AGCR",3,"Cheyenne, WY PGRS-AGCR 7/15/22 #3",6.96,268.1,6.09,3.73,59.856,18.216,21.928,"HPGRS AGCR"
"NEAR HQ CPER",4,"CPER- Near HQ (Patsture BNE) 7/20/22 #1",5.05,251.4,4.47,8.91,74,10,16,"NEAR HQ CPER"
"NEAR HQ CPER",5,"CPER- Near HQ (Patsture BNE) 7/20/22 #2",6.49,168.9,3.48,4.84,74,10,16,"NEAR HQ CPER"
"NEAR HQ CPER",6,"CPER- Near HQ (Patsture BNE) 7/20/22 #3",5.79,217.3,3.56,5.44,74,10,16,"NEAR HQ CPER"
"NEAR NUTNET",7,"CPER- NutNet (Pasture BNE) 7/20/22 #1",5.19,189.9,3.47,4.68,77.856,6.216,15.928,"NEAR NUTNET"
"NEAR NUTNET",8,"CPER- NutNet (Pasture BNE) 7/20/22 #2",6.01,137.3,2.07,2.76,77.856,6.216,15.928,"NEAR NUTNET"
"NEAR NUTNET",9,"CPER- NutNet (Pasture BNE) 7/20/22 #3",5.02,205.8,2.35,3.65,77.856,6.216,15.928,"NEAR NUTNET"
"FAR NORTH CPER",10,"CPER- Far North (Pasture Low) 7/20/22 #1",5.69,125.9,2.77,2.85,67.928,12.144,19.928,"FAR NORTH CPER"
"FAR NORTH CPER",11,"CPER- Far North (Pasture Low) 7/20/22 #2",5.66,328.2,2.74,3.65,67.928,12.144,19.928,"FAR NORTH CPER"
"FAR NORTH CPER",12,"CPER- Far North (Pasture Low) 7/20/22 #3",5.53,130.9,2.26,2.33,67.928,12.144,19.928,"FAR NORTH CPER"
"CG PASTURE",13,"Cheyenne, WY- Native Mixed CO Pasture 7/15/22 #1",5.51,185.4,3.4,3.84,80.144,12.072,7.784,"CG PASTURE"
"CG PASTURE",14,"Cheyenne, WY- Native Mixed CO Pasture 7/15/22 #2",6.21,149,3.44,3.54,80.144,12.072,7.784,"CG PASTURE"
"CG PASTURE",15,"Cheyenne, WY- Native Mixed CO Pasture 7/15/22 #3",5.95,170.3,3.98,3.62,80.144,12.072,7.784,"CG PASTURE"
"TB LC Control",16,"Thunder Basin Control 6/16/22 #1",5.31,93.74,2.76,3.74,54.144,20.144,25.712,"TB LC Control"
"TB LC Control",17,"Thunder Basin Control 6/16/22 #2",5.04,127.5,4.34,6.15,54.144,20.144,25.712,"TB LC Control"
"TB LC Control",18,"Thunder Basin Control 6/16/22 #3",5.48,74.08,2.59,3.51,54.144,20.144,25.712,"TB LC Control"
"TB FIRE",19,"Thunder Basin Fire 6/16/22 #1",5.45,106.5,3.32,4.3,45.928,18.216,35.856,"TB FIRE"
"TB FIRE",20,"Thunder Basin Fire 6/16/22 #2",5.49,120.4,2.99,3.26,45.928,18.216,35.856,"TB FIRE"
"TB FIRE",21,"Thunder Basin Fire 6/16/22 #3",5.26,130.4,3.64,5.66,45.928,18.216,35.856,"TB FIRE"
"TB PRAIRIE DOG",22,"Thunder Basin- PD 6/16/22 #1",5.49,108.8,2.35,3.49,49.784,26.144,24.072,"TB PRAIRIE DOG"
"TB PRAIRIE DOG",23,"Thunder Basin- PD 6/16/22 #2",5.07,90.55,3.49,2.81,49.784,26.144,24.072,"TB PRAIRIE DOG"
"TB PRAIRIE DOG",24,"Thunder Basin- PD 6/16/22 #3",5.12,128.8,4.33,3.15,49.784,26.144,24.072,"TB PRAIRIE DOG"
"NEAR 4WAY CPER",25,"CPER-SE/ 4 way (pasture 19s) 7/20/22 #1",5.72,633.2,3.09,2.47,68,16.144,15.856,"NEAR 4WAY CPER"
"NEAR 4WAY CPER",26,"CPER-SE/ 4 way (pasture 19s) 7/20/22  #2",5.59,267.2,3.51,4.29,68,16.144,15.856,"NEAR 4WAY CPER"
"NEAR 4WAY CPER",27,"CPER-SE/ 4 way (pasture 19s) 7/20/22  #3",7.44,305.6,3.58,2.4,68,16.144,15.856,"NEAR 4WAY CPER"
"Blumenthal01",28,"Satellite soils blumenthal 01 #1",7,205.5,7.42,4.84,58.144,22.072,19.784,"Blumenthal01"
"Blumenthal01",28,"Satellite soils blumenthal 01 #1",7,205.5,7.42,4.84,58.144,22.072,19.784,"Blumenthal01"
"Blumenthal01",29,"Satellite soils blumenthal 01 #2",6.97,207.3,7.03,4.89,58.144,22.072,19.784,"Blumenthal01"
"Blumenthal01",29,"Satellite soils blumenthal 01 #2",6.97,207.3,7.03,4.89,58.144,22.072,19.784,"Blumenthal01"
"Blumenthal01",30,"Satellite soils blumenthal 01 #3",6.71,211.6,6.41,5.44,58.144,22.072,19.784,"Blumenthal01"
"Blumenthal01",30,"Satellite soils blumenthal 01 #3",6.71,211.6,6.41,5.44,58.144,22.072,19.784,"Blumenthal01"
"PMR- Brome",31,"PMR-Brome 7/19/22 #1",6.39,328.1,11.6,NA,62,12,26,"PMR- Brome"
"PMR- Brome",31,"PMR-Brome 7/19/22 #1",6.39,328.1,11.6,NA,57.784,14.216,28,"PMR- Brome"
"PMR- Brome",32,"PMR-Brome 7/19/22 #2",6.04,251.8,7.54,14.92,62,12,26,"PMR- Brome"
"PMR- Brome",32,"PMR-Brome 7/19/22 #2",6.04,251.8,7.54,14.92,57.784,14.216,28,"PMR- Brome"
"PMR- Brome",33,"PMR-Brome 7/19/22 #3",6.46,314.2,10.91,NA,62,12,26,"PMR- Brome"
"PMR- Brome",33,"PMR-Brome 7/19/22 #3",6.46,314.2,10.91,NA,57.784,14.216,28,"PMR- Brome"
"PMR- Brome",34," PMR-Brome 7/12/22 #1",6.31,174.1,3.17,8.93,62,12,26,"PMR- Brome"
"PMR- Brome",34," PMR-Brome 7/12/22 #1",6.31,174.1,3.17,8.93,57.784,14.216,28,"PMR- Brome"
"PMR- Brome",35,"PMR-Brome 7/12/22 #2",5.66,324.2,12.84,23.05,62,12,26,"PMR- Brome"
"PMR- Brome",35,"PMR-Brome 7/12/22 #2",5.66,324.2,12.84,23.05,57.784,14.216,28,"PMR- Brome"
"PMR- Brome",36,"PMR-Brome 7/12/22 #3",6.31,340.8,9.79,NA,62,12,26,"PMR- Brome"
"PMR- Brome",36,"PMR-Brome 7/12/22 #3",6.31,340.8,9.79,NA,57.784,14.216,28,"PMR- Brome"
"PMR- Pine",37,"PMR-Pine 7/19/22 #1",6.06,284.1,5.49,14.75,72,8.072,19.928,"PMR- Pine"
"PMR- Pine",37,"PMR-Pine 7/19/22 #1",6.06,284.1,5.49,14.75,71.928,8.072,20,"PMR- Pine"
"PMR- Pine",38,"PMR-Pine 7/19/22 #2",5.61,396.8,5.91,15.71,72,8.072,19.928,"PMR- Pine"
"PMR- Pine",38,"PMR-Pine 7/19/22 #2",5.61,396.8,5.91,15.71,71.928,8.072,20,"PMR- Pine"
"PMR- Pine",39,"PMR-Pine 7/19/22 #3",5.42,154.3,4.8,10.1,72,8.072,19.928,"PMR- Pine"
"PMR- Pine",39,"PMR-Pine 7/19/22 #3",5.42,154.3,4.8,10.1,71.928,8.072,20,"PMR- Pine"
"PMR- Pine",40,"PMR-Pine 7/21/22 #1",5.93,247.1,4.46,15.08,72,8.072,19.928,"PMR- Pine"
"PMR- Pine",40,"PMR-Pine 7/21/22 #1",5.93,247.1,4.46,15.08,71.928,8.072,20,"PMR- Pine"
"PMR- Pine",41,"PMR-Pine 7/21/22 #2",5.77,169.9,3.04,8.96,72,8.072,19.928,"PMR- Pine"
"PMR- Pine",41,"PMR-Pine 7/21/22 #2",5.77,169.9,3.04,8.96,71.928,8.072,20,"PMR- Pine"
"PMR- Pine",42,"PMR-Pine 7/21/22 #3",5.34,163.4,2.87,9.54,72,8.072,19.928,"PMR- Pine"
"PMR- Pine",42,"PMR-Pine 7/21/22 #3",5.34,163.4,2.87,9.54,71.928,8.072,20,"PMR- Pine"
"Symstad2",43,"Symstad S2 (Pasture) #1",7.67,365.7,7.26,6.73,50.072,18.072,31.856,"Symstad2"
"Symstad2",44,"Symstad S2 (Pasture) #2",7.6,218.2,6.28,5.31,50.072,18.072,31.856,"Symstad2"
"Symstad2",45,"Symstad S2 (Pasture) #3",7.85,266.9,7.04,6.94,50.072,18.072,31.856,"Symstad2"
"Peavine",46,"Peavine Urza+Shriver #1",6.67,352.9,4.02,3.94,68.2518201055584,10.529213303539,21.2189665909026,"Peavine"
"Peavine",47,"Peavine Urza+Shriver #2",6.4,447.7,4.33,4.23,68.2518201055584,10.529213303539,21.2189665909026,"Peavine"
"Peavine",48,"Peavine Urza+Shriver #3",5.81,578.9,5.53,6.64,68.2518201055584,10.529213303539,21.2189665909026,"Peavine"
"Plymouth",49,"Plymouth #1",5.64,64.03,1.24,1.35,58.3218178260058,18.6969245899387,22.9812575840555,"Plymouth"
"Plymouth",50,"Plymouth #2",6.09,60.69,1.57,2.74,58.3218178260058,18.6969245899387,22.9812575840555,"Plymouth"
"Plymouth",51,"Plymouth #3",5.55,81.08,2.15,3.87,58.3218178260058,18.6969245899387,22.9812575840555,"Plymouth"
"FtK_Cottonwood_Coulee",52,"Fort Keogh Cottonwood Coulee 6/17/22 #1",6.21,65.81,1.56,2.19,67.3826242174958,9.39967441828474,23.2177013642194,"FtK_Cottonwood_Coulee"
"FtK_Cottonwood_Coulee",53,"Fort Keogh Cottonwood Coulee 6/17/22 #2",5.52,64.01,2.69,3.68,67.3826242174958,9.39967441828474,23.2177013642194,"FtK_Cottonwood_Coulee"
"FtK_Cottonwood_Coulee",54,"Fort Keogh Cottonwood Coulee 6/17/22 #3",6.43,63.02,2.62,3.7,67.3826242174958,9.39967441828474,23.2177013642194,"FtK_Cottonwood_Coulee"
"dino",55,"DINO 6/10/24 #1",8.18,231.8,1.12,0.75,68.144,14.072,17.784,"dino"
"dino",56,"DINO 6/10/24 #2",8.54,211.2,1.04,0.72,68.144,14.072,17.784,"dino"
"dino",57,"DINO 6/10/24 #3",8.2,208.3,1.24,1.09,68.144,14.072,17.784,"dino"
"dino",58,"DINO 6/10/24 #4",8.43,187.6,1.04,0.69,68.144,14.072,17.784,"dino"
"CaseAoyamaS1",59,"Case Aoyama SI 6/9/22 #1",6.42,122.4,5.7,5.96,51.928,12.144,35.928,"CaseAoyamaS1"
"CaseAoyamaS1",60,"Case Aoyama SI 6/9/22 #2",6.61,112.3,5.26,4.88,51.928,12.144,35.928,"CaseAoyamaS1"
"CaseAoyamaS1",61,"Case Aoyama SI 6/9/22 #3",6.82,118,6.82,8.9,51.928,12.144,35.928,"CaseAoyamaS1"
"Pearlwise",62,"Pearl Wise #1",6.08,95.83,3.6,2.58,58,14.144,27.856,"Pearlwise"
"Pearlwise",63,"Pearl Wise #2",6.05,99.09,3.99,3.25,58,14.144,27.856,"Pearlwise"
"Pearlwise",64,"Pearl Wise #3",6.15,93.3,3.4,2.59,58,14.144,27.856,"Pearlwise"
"EnsingS3 Bear Creek",65,"Ensing S3 Kelowna, BC (E) #1",7.8,230.4,5.49,10.48,66.072,9.928,24,"EnsingS3 Bear Creek"
"EnsingS3 Bear Creek",66,"Ensing S3 Kelowna, BC (S) #2",7.91,178.7,5.69,12.33,66.072,9.928,24,"EnsingS3 Bear Creek"
"EnsingS3 Bear Creek",67,"Ensing S3 Kelowna, BC (W) #3",7.78,141.8,4.08,9.47,66.072,9.928,24,"EnsingS3 Bear Creek"
"SouthEden",68,"South Eden 2024 #1",6.71,141.7,2.67,4.64,76,6.144,17.856,"SouthEden"
"SouthEden",69,"South Eden 2024 #2",7.11,161.2,1.93,3.54,76,6.144,17.856,"SouthEden"
"SouthEden",70,"South Eden 2024 #3",6.42,93.9,1.86,2.83,76,6.144,17.856,"SouthEden"
"EnsingS4 Lundbom",71,"Ensing S4 Merritt, BC (N) #1",6.15,85.14,7.05,8.66,66.144,8.072,25.784,"EnsingS4 Lundbom"
"EnsingS4 Lundbom",72,"Ensing S4 Merritt, BC (S) #2",6.54,145.9,7.4,10.08,66.144,8.072,25.784,"EnsingS4 Lundbom"
"EnsingS4 Lundbom",73,"Ensing S4 Merritt, BC (W) #3",6.59,148.5,8.62,11.64,66.144,8.072,25.784,"EnsingS4 Lundbom"
"FtK_Lone_Pine",74,"Fort Keogh Lone Pine 6/16/22 #1",5.82,635.9,3.33,6.6,72.1039386029825,6.52721490519835,21.3688464918191,"FtK_Lone_Pine"
"FtK_Lone_Pine",75,"Fort Keogh Lone Pine 6/16/22 #2",5.92,131.1,2.9,5.13,72.1039386029825,6.52721490519835,21.3688464918191,"FtK_Lone_Pine"
"FtK_Lone_Pine",76,"Fort Keogh Lone Pine 6/16/22 #3",6.22,141.5,2.87,5.69,72.1039386029825,6.52721490519835,21.3688464918191,"FtK_Lone_Pine"
"Woodruff",77,"Woodruff #1",6.99,142.4,2.07,3.46,47.928,10.072,42,"Woodruff"
"Woodruff",78,"Woodruff #2",7.27,152,2.17,3.06,47.928,10.072,42,"Woodruff"
"Woodruff",79,"Woodruff #3",7.27,192.5,1.97,3.1,47.928,10.072,42,"Woodruff"
"EnsingS1 SuRDC",80,"Ensing S1 Summerland, BC #1",6.98,380.4,2,5.27,82.144,4.072,13.784,"EnsingS1 SuRDC"
"EnsingS1 SuRDC",81,"Ensing S1 Summerland, BC #2",6.84,325.5,1.99,4.89,82.144,4.072,13.784,"EnsingS1 SuRDC"
"EnsingS1 SuRDC",82,"Ensing S1 Summerland, BC #3",6.99,357.8,2.05,5.02,82.144,4.072,13.784,"EnsingS1 SuRDC"
"GreenCanyon",83,"Green Canyon #1",8.15,208.8,2.92,2.84,46.144,18.072,35.784,"GreenCanyon"
"GreenCanyon",84,"Green Canyon #2",8.19,239.6,3.33,3.56,46.144,18.072,35.784,"GreenCanyon"
"GreenCanyon",85,"Green Canyon #3",8.21,216.2,3.39,3.58,46.144,18.072,35.784,"GreenCanyon"
"L1_vanDiepen",86,"Li-Van Diepen Soil <2mm #1",6.23,262.7,4.65,7.84,74.072,8.072,17.856,"L1_vanDiepen"
"L1_vanDiepen",87,"Li-Van Diepen Soil <2mm #2",6.52,178.3,4.27,7.9,74.072,8.072,17.856,"L1_vanDiepen"
"L1_vanDiepen",88,"Li-Van Diepen Soil <2mm #3",6.77,198.4,4.22,7.08,74.072,8.072,17.856,"L1_vanDiepen"
"MPG_IR",89,"MPG-IR 7/26/21 #1",6.16,250,9.84,13.16,63.4415418386861,11.0454873409968,25.5129708203171,"MPG_IR"
"MPG_IR",90,"MPG-IR 7/26/21 #2",6.25,198.2,8.2,12.6,63.4415418386861,11.0454873409968,25.5129708203171,"MPG_IR"
"MPG_IR",91,"MPG-IR 7/26/21 #3",5.95,227.2,11.54,16.92,63.4415418386861,11.0454873409968,25.5129708203171,"MPG_IR"
"K1_vanDiepen",92,"KI-Van Diepen Soil <2mm #1",6.02,266.3,6.17,11.97,80.072,6.072,13.856,"K1_vanDiepen"
"K1_vanDiepen",93,"KI-Van Diepen Soil <2mm #2",5.89,1267,12,23.24,80.072,6.072,13.856,"K1_vanDiepen"
"K1_vanDiepen",94,"KI-Van Diepen Soil <2mm #3",6.18,300.6,3.61,7.5,80.072,6.072,13.856,"K1_vanDiepen"
"CastValley",95,"Cast Valley 5/11/21 #1",8.39,333.2,0.41,0.29,62.072,18.072,19.856,"CastValley"
"CastValley",96,"Cast Valley 5/11/21 #2",8.31,396.4,0.41,0.07,62.072,18.072,19.856,"CastValley"
"CastValley",97,"Cast Valley 5/11/21 #3",8.54,300.9,0.41,0.14,62.072,18.072,19.856,"CastValley"
"SSHigh",98,"Satellite SS High #1",6.52,626.9,5.56,6.04,54,16.216,29.784,"SSHigh"
"SSHigh",99,"Satellite SS High #2",6.48,82.16,5.97,8.09,54,16.216,29.784,"SSHigh"
"SSHigh",100,"Satellite SS High #3",6.71,69.41,4.9,5.06,54,16.216,29.784,"SSHigh"
"HardwareRanch",101,"Satellite Hardware Ranch #1",6.96,219.2,7.75,8.23,61.8061067303753,11.1386435527851,27.0552497168396,"HardwareRanch"
"HardwareRanch",102,"Satellite Hardware Ranch #2",7.7,212.8,6.28,4.53,61.8061067303753,11.1386435527851,27.0552497168396,"HardwareRanch"
"HardwareRanch",103,"Satellite Hardware Ranch #3",7.85,247.1,8.28,7.91,61.8061067303753,11.1386435527851,27.0552497168396,"HardwareRanch"
"SS",104,"SSHQ 2024 #1",8,224.5,4.03,3.8,64,10.216,25.784,"SS"
"SS",105,"SSHQ 2024 #2",8.06,225.6,3.9,3.1,64,10.216,25.784,"SS"
"SS",106,"SSHQ 2024 #3",8.16,202.8,3.96,3.4,64,10.216,25.784,"SS"
"SSHQ",107,"Satellite SSHQ #1",8.14,150.6,4.04,3.55,57.928,14.072,28,"SSHQ"
"SSHQ",108,"Satellite SSHQ #2",8.19,169.8,3.73,3.42,57.928,14.072,28,"SSHQ"
"SSHQ",109,"Satellite SSHQ #3",8.17,173.3,4.24,4.26,57.928,14.072,28,"SSHQ"
"EnsingS2 Summerland-Princeton",110,"Ensing S2 Summerland 1 Princeton BC (E) #1",8.29,101.5,1.32,2.41,81.928,4.072,14,"EnsingS2 Summerland-Princeton"
"EnsingS2 Summerland-Princeton",111,"Ensing S2 Summerland 1 Princeton BC (S) #2",7.17,67.65,1.95,5.22,81.928,4.072,14,"EnsingS2 Summerland-Princeton"
"EnsingS2 Summerland-Princeton",112,"Ensing S2 Summerland 1 Princeton BC (W) #3",6.86,76.37,4.22,9.68,81.928,4.072,14,"EnsingS2 Summerland-Princeton"
"EOARC",113,"EO ARC #1",7.01,52.34,3.53,3.57,66.144,12.072,21.784,"EOARC"
"EOARC",114,"EO ARC #2",7.12,59.35,3.45,3.25,66.144,12.072,21.784,"EOARC"
"EOARC",115,"EO ARC #3",6.93,74.82,4.32,4.25,66.144,12.072,21.784,"EOARC"
"EOARC",116,"EO ARC #4",6.99,70.27,3.65,2.23,66.144,12.072,21.784,"EOARC"
"EOARC",117,"EO ARC #5",7.02,46.29,3.36,2.38,66.144,12.072,21.784,"EOARC"
"EOARC",118,"EO ARC #6",7.14,41.19,4.35,2.39,66.144,12.072,21.784,"EOARC"
"GoeblS1",119,"AG 01 W #1",7.3,405.1,4.05,4.14,66.3595307317411,12.616364469792,21.0241047984669,"GoeblS1"
"GoeblS1",120,"AG 01 S #2",6.62,266.2,3.48,3.82,66.3595307317411,12.616364469792,21.0241047984669,"GoeblS1"
"GoeblS1",121,"AG 01 N+E #3",7.48,321.3,3.34,3.07,66.3595307317411,12.616364469792,21.0241047984669,"GoeblS1"
"Rush_Valley",122,"Rush Valley Satellite Site #1",8.31,204.4,2.71,1.72,52.144,12,35.856,"Rush_Valley"
"RedBluff",123,"REW SOIL RB #1",7.9,196.1,4.3,6.02,53.7888044028449,17.746461104375,28.4647344927801,"RedBluff"
"RedBluff",124,"REW SOIL RB #2",7.32,153.5,4.58,7.26,53.7888044028449,17.746461104375,28.4647344927801,"RedBluff"
"RedBluff",125,"REW SOIL RB #3",7.75,223.8,3.99,4.33,53.7888044028449,17.746461104375,28.4647344927801,"RedBluff"
"Boise_Low",126,"MaxWell SI Witson 5/13/21 Boise low #1",7.66,64.77,1.66,1.29,78.072,8.072,13.856,"Boise_Low"
"Boise_Low",127,"MaxWell SI Witson 5/13/21 Boise low #2",7.19,41.25,1.13,1.18,78.072,8.072,13.856,"Boise_Low"
"Boise_Low",128,"MaxWell SI Witson 5/13/21 Boise low #3",7.2,76.93,1.84,1.35,78.072,8.072,13.856,"Boise_Low"
"Boise_High",129,"Maxwell S2 7/11/21 Boise Hi #1",6.96,81.91,2.9,2.06,70.072,12.144,17.784,"Boise_High"
"Boise_High",130,"Maxwell S2 7/11/21 Boise Hi #2",6.83,102.4,2.68,3.51,70.072,12.144,17.784,"Boise_High"
"Boise_High",131,"Maxwell S2 7/11/21 Boise Hi #3",6.91,80.37,2.87,2.59,70.072,12.144,17.784,"Boise_High"
"Symstad1",132,"Symstads (septic) #1",8.04,228.9,4.59,3.56,46.216,18.072,35.712,"Symstad1"
"Symstad1",133,"Symstads (septic) #2",8.01,203.4,4.83,3.56,46.216,18.072,35.712,"Symstad1"
"Symstad1",134,"Symstads (septic) #3",8.04,195.4,4.62,4.06,46.216,18.072,35.712,"Symstad1"
"MPG_TH",135,"MPG-TH 7/26/21 #1",6.12,108.9,2.6,3.93,63.2414446963869,10.4486865435113,26.3098687601018,"MPG_TH"
"MPG_TH",136,"MPG-TH 7/26/21 #2",5.83,100.4,3.14,4.37,63.2414446963869,10.4486865435113,26.3098687601018,"MPG_TH"
"MPG_TH",137,"MPG-TH 7/26/21 #3",5.86,84.09,3.17,7.53,63.2414446963869,10.4486865435113,26.3098687601018,"MPG_TH"
"MPG_SR",138,"MPG-SR 7/26/21 #1",6.34,163.5,3.08,5.95,60.216,12,27.784,"MPG_SR"
"MPG_SR",139,"MPG-SR 7/26/21 #2",6.41,191.3,4.91,6.27,60.216,12,27.784,"MPG_SR"
"MPG_SR",140,"MPG-SR 7/26/21 #3",6.33,191.6,5.26,8.17,60.216,12,27.784,"MPG_SR"
"OttS1",141,"OTTSI 6/22/21 #1",6.51,67.13,3.54,5.8,48,14.072,37.928,"OttS1"
"OttS1",142,"OTTSI 6/22/21 #2",6.35,57.67,3.61,5.33,48,14.072,37.928,"OttS1"
"OttS1",143,"OTTSI 6/22/21 #3",6.25,57.32,3.68,5.35,48,14.072,37.928,"OttS1"
"Barton_burned",144,"Barton Burned site #1",8.16,222.1,2.75,2.56,40.072,12.072,47.856,"Barton_burned"
"Barton_burned",145,"Barton Burned site #2",7.88,178.6,3.32,4.73,40.072,12.072,47.856,"Barton_burned"
"Barton_burned",146,"Barton Burned site #3",7.77,282.7,3.71,5.48,40.072,12.072,47.856,"Barton_burned"
"Piedmont",147,"Piedmont site #1",8.19,204.6,3.29,4.09,40.072,7.928,52,"Piedmont"
"Piedmont",148,"Piedmont site #2",7.05,117.9,3.25,4.09,40.072,7.928,52,"Piedmont"
"Piedmont",149,"Piedmont site #3",7.03,161.8,3.76,4.71,40.072,7.928,52,"Piedmont"
"Barton_unburned",150,"Barton Unburned #1",6.65,167.3,3.89,4.44,48.144,10.072,41.784,"Barton_unburned"
"Barton_unburned",151,"Barton Unburned #2",7.81,141,2.35,2.55,48.144,10.072,41.784,"Barton_unburned"
"Barton_unburned",152,"Barton Unburned #3",7.11,122.6,2.64,3.15,48.144,10.072,41.784,"Barton_unburned"
"Kastilometes",153,"Kat Silo Medes #1",8.12,206.7,4.03,4.94,44,10,46,"Kastilometes"
"Kastilometes",154,"Kat Silo Medes #2",8.27,155.3,2.24,2.2,44,10,46,"Kastilometes"
"Kastilometes",155,"Kat Silo Medes #3",8.13,205.2,3.56,4.21,44,10,46,"Kastilometes"
